episode,steps,episode_reward,completed_tasks,risk_exposure_sum,late_tasks,total_path_length,total_energy,total_conflicts,total_invalid_actions,total_replenishments,total_returns
1,240,3679.2437661954514,81,56640.0,2,3155,18.11246760909765,6,0,23,24
2,480,3603.1771915199006,67,60240.0,2,3280,18.24561696020047,5,0,24,24
3,720,3641.5661301869,82,57120.0,1,3361,19.467739626200423,4,0,22,24
4,960,4379.374433084705,77,53040.0,2,3158,17.85113383058995,4,0,20,23
5,1200,3576.0368160774406,66,60720.0,2,2999,17.52636784511786,2,0,22,21
6,1440,3741.0692212301587,67,59280.0,1,3085,17.461557539682453,6,0,20,24
7,1680,3366.0049148032563,63,62640.0,1,3023,17.590170393487274,4,0,22,24
8,1920,3571.680433384774,67,60720.0,2,3212,18.239133230452683,4,1,21,22
9,2160,4231.062731481482,79,54240.0,1,2997,17.474537037037038,6,0,20,22
10,2400,4207.796159511784,85,52800.0,1,3077,18.007680976431047,4,0,21,21
11,2640,4235.923505629116,72,55440.0,1,2592,15.75298874176853,3,0,17,19
12,2880,3992.823958268872,71,57360.0,1,2447,14.952083462256578,6,0,17,19
13,3120,3792.354869186047,79,57120.0,1,3074,17.89026162790697,6,0,20,21
14,3360,4334.592472718255,68,55680.0,1,2499,14.415054563492143,5,0,15,16
15,3600,3756.8969907407404,51,62160.0,1,1754,9.80601851851853,5,0,7,5
16,3840,3714.1107894199336,50,62160.0,1,1470,8.378421160130765,8,0,8,8
17,4080,4111.7991319444445,64,57600.0,1,2059,12.001736111111166,5,0,10,10
18,4320,4182.348927888339,69,56160.0,1,2348,13.902144223322527,10,0,15,15
19,4560,3809.828452932099,58,60720.0,2,2259,12.943094135802527,7,0,14,14
20,4800,4326.267881944445,68,55440.0,1,2388,14.064236111111217,3,0,14,15
21,5040,4175.104870592177,70,56160.0,0,2374,14.39025881564465,3,0,16,15
22,5280,3743.0673335537917,74,57840.0,2,2780,16.46533289241631,4,0,18,18
23,5520,4638.103153262274,84,49920.0,1,2931,17.39369347545227,8,0,20,21
24,5760,4155.254957561729,73,56160.0,1,3162,18.09008487654324,8,0,20,20
25,6000,3924.6704895152507,84,55440.0,1,3006,18.25902096949899,7,0,22,23
26,6240,3993.792456092861,79,55440.0,2,3075,18.01508781427773,4,1,22,21
27,6480,3658.4151981258215,71,59520.0,1,3229,18.769603748357646,4,0,24,23
28,6720,3591.1827706876074,76,58560.0,1,3299,19.234458624785354,6,0,25,25
29,6960,3955.6895254629626,72,56880.0,3,3180,18.220949074074202,6,0,24,25
30,7200,3350.0872395833326,58,63600.0,1,2996,17.425520833333373,3,0,24,27
31,7440,3529.3314902166317,67,60480.0,2,3130,17.937019566736627,3,0,22,24
32,7680,2953.0225077792957,43,68880.0,2,2858,15.554984441408712,0,0,24,26
33,7920,3604.611565951916,69,60480.0,1,3380,19.37686809616644,4,0,23,23
34,8160,3939.175005358368,75,56640.0,1,3146,18.24998928326476,5,0,23,23
35,8400,3153.8254822530866,62,64560.0,1,3227,18.949035493827193,4,0,24,25
36,8640,3864.1671874999993,77,56160.0,1,3301,18.265625000000078,6,0,21,23
37,8880,3873.0288135090223,78,55920.0,2,3663,19.542372981956305,9,0,24,23
38,9120,3228.2974033980877,66,62160.0,2,3479,19.005193203824785,6,0,22,22
39,9360,3619.462422839506,72,58560.0,2,3347,18.675154320987588,3,0,23,25
40,9600,3573.546952436067,80,57600.0,1,3229,18.506095127866086,3,0,22,23
41,9840,3566.105751345151,64,60720.0,1,3179,17.38849730969823,1,1,20,20
42,10080,3567.606712962963,71,59520.0,3,3320,18.386574074074083,9,0,19,22
43,10320,3423.5778136022927,62,62160.0,2,3373,18.44437279541453,8,0,22,22
44,10560,3167.7816840277774,63,63120.0,1,3200,17.03663194444451,6,0,20,20
45,10800,3081.8966969373223,66,63360.0,2,3068,16.80660612535628,5,0,20,21
46,11040,3580.240053530092,69,59520.0,2,2808,16.11989293981484,9,0,16,19
47,11280,3312.4469907407406,60,63120.0,1,2688,14.706018518518647,11,0,13,17
48,11520,3488.9568687678056,67,60480.0,1,3254,17.686262464387426,8,0,17,19
49,11760,3862.0657407407407,78,55920.0,2,3153,17.4685185185186,8,0,17,20
50,12000,3512.106423611111,72,59760.0,3,3288,18.387152777777906,16,0,17,21
51,12240,3983.6038773148152,84,53760.0,2,3243,18.39224537037041,14,0,20,22
52,12480,3282.2051504629635,76,60480.0,2,3458,19.18969907407427,16,0,21,23
53,12720,3417.2559027777775,77,59280.0,2,3220,18.08819444444452,13,0,20,22
54,12960,3128.1102553310893,66,63360.0,2,3392,18.37948933782274,9,0,22,22
55,13200,3300.455451502919,74,60480.0,1,3400,18.689096994161766,13,0,21,22
56,13440,3709.120899971941,79,56640.0,1,3523,19.358200056116647,12,0,22,22
57,13680,3180.3766617063493,70,61920.0,2,3480,18.846676587301584,14,0,21,22
58,13920,3156.5298418209877,69,62400.0,2,3334,18.54031635802466,12,0,18,23
59,14160,3619.4959332912467,79,57120.0,2,3367,18.60813341750855,12,2,20,22
60,14400,3427.248802258698,73,59760.0,2,3289,18.102395482604056,14,0,18,22
61,14640,2946.9326234437563,57,65520.0,2,2834,15.734753112487533,11,0,16,19
62,14880,2596.2974840167553,45,70080.0,2,2297,12.005031966490359,13,0,13,14
63,15120,3082.2180586162167,53,65520.0,2,2550,14.163882767567015,11,0,15,15
64,15360,2659.5851316248472,52,68400.0,1,2309,12.429736750306546,13,1,13,13
65,15600,2526.7033978174604,48,70080.0,2,2329,12.193204365079426,10,1,13,13
66,15840,2588.247366584996,49,69360.0,2,2034,11.10526683000647,8,0,13,13
67,16080,2580.4096901868384,40,70800.0,2,1669,8.780619626322682,8,0,9,9
68,16320,2328.5658926504634,36,73440.0,2,2029,10.468214699074196,10,0,11,11
69,16560,2021.8487511613446,37,75120.0,3,1487,7.90249767731164,6,1,13,13
70,16800,2030.4915750385803,35,75120.0,3,1679,8.616849922839434,9,0,13,13
71,17040,1900.1033546753597,35,76800.0,2,2567,14.393290649280313,11,0,20,21
72,17280,2261.4868055555557,40,72960.0,2,1832,9.626388888888934,12,0,12,14
73,17520,1790.3317577227297,34,77040.0,2,1724,8.936484554540161,12,0,14,13
74,17760,2492.2013888888896,47,70560.0,2,2708,14.197222222222308,12,0,16,15
75,18000,2397.7221951162733,39,72480.0,2,2054,11.15560976745431,12,0,13,14
76,18240,2607.3925341227805,49,69360.0,1,2192,11.814931754437884,12,0,14,14
77,18480,2629.4319194549666,49,69120.0,2,2361,12.736161090067405,12,0,15,17
78,18720,2799.315152391975,57,66720.0,2,2729,14.969695216049523,12,0,20,22
79,18960,2363.1171660764066,54,69840.0,2,2803,15.36566784718682,13,0,24,25
80,19200,2522.8814047091796,49,70080.0,2,2690,14.837190581642078,12,0,21,21
81,19440,2889.5657031625783,60,65760.0,2,2735,15.468593674843767,15,0,18,19
82,19680,2957.971486183449,62,64800.0,1,2935,16.6570276331019,10,0,20,22
83,19920,2734.187299472011,59,66960.0,3,3107,17.225401055978256,14,0,21,22
84,20160,2583.745898582439,51,69600.0,2,2825,16.10820283512099,13,0,20,21
85,20400,2837.476278662113,61,65760.0,2,2995,16.6474426757747,11,0,21,22
86,20640,2978.9181625280576,63,64080.0,3,2723,14.763674943883446,16,0,16,16
87,20880,2496.9372078924166,40,71520.0,2,1920,9.725584215167567,14,0,9,9
88,21120,2172.1221371839442,38,74400.0,2,2129,11.355725632112119,13,0,11,11
89,21360,2686.7619984567896,48,68880.0,2,2284,12.076003086419847,11,0,13,14
90,21600,3062.5603145424834,69,62640.0,2,3428,18.479370915032725,12,0,21,22
91,21840,3407.2656366637952,71,59760.0,2,3500,19.068726672409092,16,0,21,24
92,22080,3393.900230562904,73,60000.0,1,3220,17.7995388741917,10,0,20,21
93,22320,3570.3576774691355,82,57120.0,1,3221,17.884645061728445,12,0,21,20
94,22560,3169.4328941993463,74,61200.0,2,3375,18.734211601307262,13,0,21,22
95,22800,3038.7534143518524,71,62640.0,1,3321,18.093171296296436,15,0,21,23
96,23040,3029.9707589285717,64,64320.0,1,3407,18.65848214285724,10,0,22,22
97,23280,3458.505613425926,85,57600.0,1,3305,18.588773148148324,12,0,21,23
98,23520,3324.665740740741,70,61200.0,1,3531,19.268518518518583,13,0,19,21
99,23760,3118.168840939153,72,62160.0,1,3460,19.262318121693067,11,0,22,24
100,24000,3556.3784143518524,80,57600.0,1,3416,18.84317129629639,9,0,21,22
101,24240,3404.8737847222233,74,59760.0,1,3388,18.852430555555724,14,0,19,23
102,24480,3348.2968171296297,76,59760.0,2,3472,19.006365740740797,7,0,21,24
103,24720,3591.2677083333338,70,59520.0,1,3278,18.064583333333402,12,0,21,23
104,24960,3422.774266975309,81,58800.0,1,3382,19.05146604938264,9,0,22,24
105,25200,3186.844560185185,74,61200.0,2,3399,18.910879629629697,13,0,21,23
106,25440,3379.729093295304,82,58560.0,2,3164,18.14181340939167,9,1,20,22
107,25680,3306.194386574074,76,60240.0,1,3508,19.211226851851926,16,0,22,23
108,25920,3366.969907407407,69,60240.0,3,3435,18.66018518518528,14,0,19,21
109,26160,3252.950338955026,77,59760.0,1,3427,18.69932208994716,14,0,21,24
110,26400,3046.2224729938275,69,62880.0,1,3139,17.155054012345797,12,0,19,21
111,26640,3031.2901620370367,67,63360.0,2,2922,16.019675925926023,13,0,17,19
112,26880,3455.9151289682545,70,60000.0,1,2954,16.769742063492156,14,0,17,21
113,27120,3042.5612847222224,59,64800.0,1,2916,15.477430555555575,13,0,19,18
114,27360,2892.1730020943564,58,66000.0,1,2829,15.25399581128758,11,1,16,18
115,27600,3288.9220110051124,67,61680.0,1,3043,16.755977989774326,14,0,17,21
116,27840,2644.582581018519,58,67920.0,2,3195,17.434837962963012,10,0,19,21
117,28080,2859.932175925926,65,65040.0,2,3070,16.73564814814832,16,0,19,20
118,28320,2970.538309571176,65,64080.0,2,3133,17.523380857648213,13,0,18,20
119,28560,3363.8906032986115,67,61200.0,1,3254,17.818793402777874,10,0,20,21
120,28800,2898.9696180555557,58,66480.0,1,3269,17.66076388888905,8,0,20,21
121,29040,3451.651649305555,66,61680.0,1,3073,17.296701388889012,9,0,19,21
122,29280,4057.952676113614,90,53040.0,1,2908,17.694647772772953,16,0,20,21
123,29520,4144.018778306159,86,53040.0,1,3008,17.562443387681213,14,0,22,21
124,29760,4171.390760030864,93,51600.0,2,2912,17.818479938271828,21,0,20,22
125,30000,4533.1506944444445,109,46320.0,2,2929,18.298611111111065,17,0,20,23
126,30240,4370.692650462963,104,48480.0,1,2909,18.214699074074304,15,1,20,23
127,30480,4178.447841187962,105,49680.0,2,2791,17.70431762407579,22,0,20,22
128,30720,4455.210590277778,110,46800.0,2,2900,18.17881944444455,13,0,20,23
129,30960,4293.141435185185,102,49440.0,2,2944,18.31712962962968,14,0,22,23
130,31200,4181.6910108024695,92,52320.0,2,2984,18.217978395061877,14,0,21,22
131,31440,4397.936574074074,98,49200.0,2,3087,18.726851851851904,17,0,20,23
132,31680,4419.019618055556,100,48960.0,1,3036,18.56076388888894,17,0,21,23
133,31920,4733.862434662486,114,43920.0,1,3065,18.875130675029958,9,1,22,23
134,32160,4592.601793981482,105,46560.0,2,2991,18.39641203703727,19,0,22,23
135,32400,4913.136481130752,106,44640.0,1,2974,18.327037738496166,8,0,22,23
136,32640,4958.155324074074,117,42000.0,2,2845,18.28935185185198,19,0,20,22
137,32880,4743.661694266381,101,46800.0,2,3010,18.276611467236485,14,0,21,22
138,33120,4896.503125,104,45360.0,2,2825,17.59375000000009,19,0,21,22
139,33360,5031.66574074074,114,42480.0,2,2908,18.26851851851874,13,0,21,23
140,33600,4907.668634259259,109,44160.0,2,2886,18.262731481481485,16,0,20,23
141,33840,4659.466666666667,106,46800.0,2,2806,17.666666666666796,14,0,20,22
142,34080,5080.820710915242,115,41760.0,2,2859,17.958578169515896,19,0,20,23
143,34320,4701.201331018519,105,46320.0,2,2873,18.197337962963157,19,0,19,23
144,34560,5091.778383190883,116,41520.0,2,2798,18.04323361823379,17,0,20,23
145,34800,4742.782961788782,108,45360.0,2,2875,18.034076422437124,13,0,20,24
146,35040,4841.034953703703,109,44640.0,1,2941,18.53009259259264,14,0,19,23
147,35280,5054.0971643518515,111,42960.0,2,2918,18.405671296296568,11,0,21,23
148,35520,4947.433989197531,114,42960.0,1,2753,17.732021604938303,17,0,20,22
149,35760,4561.657082023061,104,47520.0,2,2884,18.28583595387861,16,0,20,23
150,36000,5045.199016203704,124,40320.0,2,2785,18.201967592592705,13,0,20,23
151,36240,4971.457986111111,111,43200.0,1,2763,17.68402777777788,8,0,20,21
152,36480,4840.887094907406,103,45840.0,1,2876,17.825810185185183,11,0,21,21
153,36720,5078.68351521164,109,43200.0,2,3105,19.232969576719764,19,0,20,22
154,36960,4771.637191358025,104,46080.0,1,2915,18.325617283950592,11,0,21,23
155,37200,4622.204224537038,103,47040.0,2,2927,18.191550925926055,15,0,20,23
156,37440,4997.6023726851845,115,42240.0,1,2967,18.395254629629857,13,0,21,23
157,37680,4850.791030092592,110,44400.0,1,2861,18.01793981481495,12,0,20,22
158,37920,5058.284085648148,114,42480.0,1,2811,18.031828703703862,8,0,20,21
159,38160,4795.176983868635,112,44400.0,2,2914,18.246032262731713,12,0,23,23
160,38400,4857.043055555556,110,44160.0,1,2738,17.513888888889028,13,0,19,21
161,38640,4896.386858164983,104,45120.0,2,2842,17.82628367003374,15,0,20,22
162,38880,5116.71724537037,124,40080.0,1,2807,18.1655092592593,16,0,20,23
163,39120,5005.0256944444445,109,43680.0,1,2923,18.548611111111235,17,0,20,23
164,39360,5000.665192495127,122,41040.0,2,2844,18.269615009746705,14,0,19,23
165,39600,4878.855844907407,108,44640.0,2,2811,17.888310185185308,16,0,20,22
166,39840,4938.479687499999,112,43680.0,1,2963,18.640625000000206,11,0,21,23
167,40080,5103.711168981483,115,41520.0,2,2850,18.17766203703716,15,0,19,23
168,40320,4956.003125,107,44160.0,1,2845,17.59375000000009,14,0,20,21
169,40560,4993.192659796895,121,41040.0,2,2830,18.21468040621272,16,0,19,23
170,40800,4688.069386574074,105,46560.0,2,2923,18.461226851851944,13,0,20,23
171,41040,4921.896577000853,106,44400.0,1,2840,17.806845998297387,20,0,20,22
172,41280,4907.172974537038,114,43200.0,1,2893,18.254050925926,12,0,21,23
173,41520,5094.304340277778,116,41760.0,2,3014,18.991319444444596,25,0,21,23
174,41760,5005.154456018518,112,42960.0,1,2917,18.29108796296312,15,0,21,23
175,42000,4713.6350694444445,104,46800.0,1,2910,18.32986111111133,13,0,19,23
176,42240,5005.637962962963,118,41760.0,2,2877,18.324074074074204,21,0,21,23
177,42480,5101.118865740741,116,41280.0,2,2898,18.36226851851863,15,0,18,23
178,42720,5256.235274216525,123,39120.0,2,2810,18.1294515669518,16,0,20,23
179,42960,4879.6532986111115,111,43680.0,2,2884,18.293402777777885,19,0,20,23
180,43200,4671.683969907408,109,46080.0,2,2848,18.232060185185407,17,0,20,23
181,43440,4947.762202739534,117,42480.0,2,2714,18.075594520932384,24,0,20,23
182,43680,5161.592534722222,117,41040.0,2,2888,18.414930555555596,11,0,20,23
183,43920,4859.7188881421735,113,43680.0,2,2817,18.162223715651336,18,0,19,23
184,44160,4777.899247685185,105,45840.0,2,2808,17.801504629629857,16,0,20,22
185,44400,4923.118386813538,112,43440.0,2,2882,18.363226372924718,17,0,18,23
186,44640,4664.200826986261,104,47040.0,1,2882,18.198346027479108,13,0,20,23
187,44880,4801.233657407407,117,43680.0,2,2841,18.132685185185338,22,0,20,23
188,45120,4602.6272569444445,96,48720.0,2,2993,18.345486111111192,14,0,20,23
189,45360,4805.677025462963,109,44880.0,2,2872,18.245949074074183,19,0,20,23
190,45600,5014.128993055556,113,42480.0,2,2895,18.342013888889007,10,0,20,23
191,45840,4857.650115740741,111,43920.0,1,2920,18.299768518518658,14,0,21,23
192,46080,4950.639409722222,114,43200.0,2,2863,18.321180555555745,17,0,19,23
193,46320,4093.3792824074076,109,49680.0,2,2797,17.84143518518521,11,0,20,23
194,46560,4598.052314814816,99,47520.0,2,2818,17.495370370370424,12,0,20,22
195,46800,4869.230266203705,116,43440.0,2,2802,18.139467592592624,18,0,20,23
196,47040,4682.112905092592,107,46080.0,2,2893,18.374189814814976,11,0,18,21
197,47280,4890.133043981481,117,42720.0,2,2866,18.333912037037116,18,0,19,23
198,47520,5157.40474537037,124,39600.0,1,2955,18.790509259259363,18,0,21,23
199,47760,5034.1473386281405,107,43680.0,2,2973,18.305322743720804,16,0,20,23
200,48000,4825.746733931378,93,48000.0,2,2689,17.106532137243416,12,0,18,21
201,48240,4322.472357253087,84,52560.0,1,3465,19.655285493827325,9,0,22,22
202,48480,3600.7811222584915,75,59040.0,2,3337,19.037755483017648,9,0,22,24
203,48720,3438.0279456654457,62,62160.0,2,3401,18.54410866910868,8,0,21,22
204,48960,3837.751292438272,72,57360.0,2,3457,19.097415123456802,12,0,21,23
205,49200,3533.82892656351,69,60000.0,1,3403,18.942146872981287,8,0,22,22
206,49440,3494.800735435957,71,59760.0,1,3456,18.998529128086535,11,0,23,23
207,49680,3900.4238583754213,84,54960.0,1,3588,19.752283249158236,15,0,23,23
208,49920,3822.667640593598,72,57360.0,2,3291,18.26471881280513,14,0,22,23
209,50160,3577.558101851852,73,58800.0,2,3281,18.483796296296227,14,0,19,23
210,50400,3613.2056866959756,74,58800.0,2,3273,18.18862660805086,14,0,21,23
211,50640,3393.111364026063,67,61680.0,1,3264,18.37727194787388,15,0,19,22
212,50880,3772.8776694594526,76,57360.0,1,3402,18.84466108109526,15,0,24,24
213,51120,3485.1687996031746,70,60480.0,2,3287,18.26240079365088,15,0,21,22
214,51360,3566.901959517657,66,60480.0,1,3195,17.796080964685647,9,0,19,21
215,51600,2966.4431839427934,45,68160.0,2,2198,11.713632114413365,11,0,12,11
216,51840,2828.967092042257,45,68640.0,2,2134,11.665815915486547,12,0,13,12
217,52080,3687.1717964616405,68,59040.0,1,2942,16.256407076719672,11,0,19,20
218,52320,3461.9000342331774,61,62160.0,2,3031,16.799931533646376,10,0,18,20
219,52560,3669.145347683647,72,58320.0,1,2961,16.309304632705768,9,0,17,19
220,52800,3702.8529513888893,70,59040.0,2,2991,16.894097222222225,12,0,17,18
221,53040,3589.2704659237734,65,60480.0,2,2875,16.059068152454817,9,0,19,19
222,53280,3342.584143518519,56,63840.0,2,3043,16.431712962962983,12,0,18,20
223,53520,3589.9915509259263,67,60000.0,2,3071,16.61689814814809,11,0,17,20
224,53760,3505.784182098765,66,60720.0,1,3119,17.031635802469278,8,0,19,19
225,54000,3394.0810413975014,59,63120.0,1,3023,16.43791720499593,9,0,18,20
226,54240,3257.7551363768694,59,63600.0,1,2956,16.089727246262658,8,0,17,20
227,54480,3775.3194202196382,76,57120.0,1,3056,16.96115956072357,13,0,19,21
228,54720,3916.986439043209,72,57120.0,1,3186,17.627121913580392,10,0,19,21
229,54960,3466.1541727582844,67,60720.0,1,2749,15.29165448343091,8,0,17,19
230,55200,3697.9184862187767,70,58800.0,1,3061,16.763027562446254,9,0,19,19
231,55440,3673.5486283621085,68,59040.0,1,3131,17.50274327578123,11,0,20,20
232,55680,3588.9519097222224,72,59040.0,2,3057,16.696180555555635,9,0,19,20
233,55920,3603.1838734567905,60,61200.0,2,3174,17.232253086419796,12,0,19,21
234,56160,3830.968030753969,72,57360.0,1,3011,16.6639384920636,11,0,19,21
235,56400,3500.7366319444436,67,60480.0,1,2939,16.126736111111143,12,0,18,19
236,56640,3399.330960648149,60,62640.0,1,3095,16.938078703703752,14,0,19,20
237,56880,3753.764756944445,71,58320.0,2,3097,17.070486111111304,11,0,18,21
238,57120,3345.2110702981636,61,62880.0,2,3123,17.177859403673676,13,0,21,20
239,57360,3525.446523326211,67,60480.0,2,3024,16.706953347578338,10,0,18,22
240,57600,3670.043192177045,68,59520.0,2,3149,17.513615645911234,13,1,19,19
241,57840,3490.9276041666667,68,60480.0,2,3042,16.74479166666665,9,0,20,21
242,58080,3636.264826179538,71,58560.0,1,3056,17.07034764092267,13,0,18,22
243,58320,3550.1740244708994,67,60240.0,1,3087,17.251951058201172,12,0,18,22
244,58560,3873.7152390978417,74,56880.0,1,3289,18.169521804319533,10,0,19,21
245,58800,3662.9010013327725,73,58560.0,1,3225,17.797997334455733,12,0,20,20
246,59040,3998.749245541838,69,56880.0,1,3131,17.101508916323784,11,0,20,20
247,59280,3670.1703703703706,69,59040.0,1,3329,18.259259259259256,12,0,20,22
248,59520,3890.299341168091,82,55440.0,1,3253,18.001317663817808,9,0,20,21
249,59760,3532.7108459418773,70,59760.0,1,3038,17.178308116246747,11,0,19,21
250,60000,4028.350662878789,72,56400.0,2,3286,17.89867424242433,12,0,20,21
251,60240,3619.3963541666662,69,59280.0,2,3209,17.807291666666895,11,0,21,22
252,60480,3918.9322337962967,77,55920.0,1,3242,17.735532407407508,12,0,18,21
253,60720,3744.9420717592607,74,57840.0,2,3236,17.71585648148154,11,0,20,22
254,60960,3714.244174382716,66,59760.0,2,3344,18.11165123456792,10,0,22,21
255,61200,3755.540644290123,73,57840.0,2,3380,18.51871141975309,12,0,21,22
256,61440,3736.8613625663083,74,57360.0,2,3225,17.87727486738316,11,0,21,20
257,61680,3774.5645752583973,71,58080.0,1,2905,16.470849483204248,10,0,17,22
258,61920,3529.6315972222224,67,60480.0,1,3117,17.336805555555664,15,0,19,23
259,62160,3743.6524709302325,72,58080.0,1,3112,17.295058139534934,11,0,19,22
260,62400,3756.376967592593,71,58800.0,2,3005,16.846064814814806,13,0,18,21
261,62640,3419.6932499406466,60,62640.0,1,3163,17.213500118708595,12,0,19,19
262,62880,3489.760069444444,64,61200.0,2,2979,16.079861111111192,13,0,18,20
263,63120,3225.709239969136,64,62880.0,1,3140,17.181520061728456,11,0,20,22
264,63360,3195.878144078144,67,62640.0,2,3292,17.84371184371175,10,0,20,20
265,63600,3268.4325409544167,60,63600.0,1,3303,17.734918091168254,13,0,20,20
266,63840,3482.009201388889,67,60720.0,1,3186,17.58159722222235,11,0,19,22
267,64080,3519.0431891025646,63,60720.0,1,3280,17.513621794871796,12,0,20,20
268,64320,3287.145068158436,66,62160.0,1,3215,17.309863683127613,11,0,18,18
269,64560,3358.8532732928243,65,61920.0,1,3336,17.893453414351818,9,0,21,21
270,64800,3079.101793981481,62,64320.0,1,2981,16.39641203703708,9,0,18,22
271,65040,3538.722164351851,71,59760.0,1,3104,17.155671296296386,7,0,18,21
272,65280,3320.6593749999997,66,61680.0,1,3183,17.281250000000018,12,0,19,19
273,65520,3566.995891203704,72,59040.0,1,3022,16.608217592592666,10,0,17,19
274,65760,3259.01518132716,63,62880.0,2,3068,16.569637345678977,11,0,17,18
275,66000,3456.496932870371,69,60240.0,1,3068,16.606134259259353,10,0,20,20
276,66240,3068.3204282407405,64,63840.0,1,2917,15.95914351851856,12,0,18,18
277,66480,3230.6102816358025,61,63360.0,2,3199,17.37943672839521,9,1,19,20
278,66720,3081.280613425926,60,64560.0,2,2920,16.038773148148287,11,0,18,19
279,66960,3442.3131365740737,65,61200.0,1,2893,15.973726851851866,8,0,17,18
280,67200,3293.6083847736627,69,61440.0,1,2963,16.38323045267494,12,0,18,20
281,67440,3314.8163001543207,64,62400.0,1,3132,16.967399691358068,13,0,20,20
282,67680,3417.4466007447663,65,61440.0,1,2852,15.706798510467051,10,0,18,20
283,67920,3161.3329282407403,60,64080.0,2,3133,16.93414351851865,12,0,17,21
284,68160,3212.9535273368606,63,63360.0,1,2999,16.69294532627867,10,0,18,19
285,68400,3039.77230926976,73,62400.0,2,3082,17.05538146047873,9,0,20,21
286,68640,3201.224414866256,67,62160.0,2,3164,17.151170267489885,12,0,20,20
287,68880,3361.7111689814815,71,60720.0,1,3118,17.177662037037024,8,0,19,20
288,69120,3306.3937086640217,65,62160.0,2,3103,16.812582671957742,10,0,18,19
289,69360,3221.3443865740737,64,62880.0,1,3075,16.911226851851985,15,0,19,21
290,69600,3191.8672949735446,62,63600.0,1,3078,16.865410052910068,8,0,19,22
291,69840,3237.1016699735455,62,63120.0,1,3255,17.3966600529102,12,0,20,20
292,70080,3360.7913194444445,66,61440.0,2,3151,17.01736111111123,10,0,19,21
293,70320,3531.1588770456506,64,60720.0,2,2915,16.28224590869957,12,0,17,19
294,70560,3431.8586226851858,72,60000.0,1,3060,16.882754629629563,11,0,19,21
295,70800,2991.2227430555554,62,64800.0,1,3191,17.15451388888896,9,1,20,21
296,71040,3352.275843253968,69,60960.0,1,2807,16.048313492063606,11,0,16,20
297,71280,3084.626852678571,50,66000.0,2,2109,11.346294642857156,10,0,12,10
298,71520,2773.583318611924,48,68400.0,2,1930,10.43336277615335,11,0,10,9
299,71760,3094.760717730379,48,66480.0,2,2248,12.0785645392416,14,0,12,11
300,72000,2188.1796296296307,29,75360.0,2,1233,6.240740740740668,11,0,7,9
301,72240,2500.756849238351,35,72720.0,2,1739,9.086301523297443,8,0,10,9
302,72480,2390.7263478973764,34,73440.0,2,1570,8.14730420524684,12,0,12,11
303,72720,1779.4947337962967,22,79200.0,2,889,4.610532407407403,11,0,4,4
304,72960,2377.7020254629624,32,73920.0,2,1389,7.195949074074044,9,1,8,10
305,73200,2107.416512345679,27,76320.0,2,1250,6.766975308641917,16,0,7,11
306,73440,2661.398958333334,36,71280.0,2,1499,7.802083333333273,11,0,8,10
307,73680,1692.1070023148154,21,79920.0,2,821,4.385995370370335,10,0,4,4
308,73920,2394.7233217592593,32,73680.0,2,1345,7.15335648148141,13,1,7,11
309,74160,2299.212197213955,32,74160.0,2,1372,7.1756055720899266,12,0,8,8
310,74400,1820.7843850756446,23,78960.0,2,1056,6.031229848710326,14,0,6,6
311,74640,2285.9668692129635,30,74640.0,2,1411,7.666261574074025,17,0,9,11
312,74880,1698.9574074074073,21,79920.0,2,916,4.685185185185145,12,0,4,4
313,75120,2311.9257200460834,32,74160.0,2,1511,7.748559907834022,11,0,10,10
314,75360,2032.8978009259254,26,77040.0,2,1145,5.804398148148074,12,0,6,6
315,75600,2232.736776620371,30,75120.0,2,1414,7.126446759259211,11,0,9,9
316,75840,2116.727139336918,27,76320.0,2,1163,6.145721326164806,14,0,7,9
317,76080,2513.473325892857,35,72480.0,2,1611,8.653348214285636,11,0,9,10
318,76320,2027.862789351852,26,77040.0,2,1165,5.874421296296257,11,0,8,8
319,76560,2249.1185895934377,31,74640.0,2,1295,7.362820813124612,12,0,7,7
320,76800,2285.74425154321,31,74400.0,2,1402,7.111496913580169,12,0,9,8
321,77040,1937.502164130167,26,77760.0,2,1169,6.595671739666845,10,0,7,7
322,77280,2304.1730417080025,32,74160.0,2,1384,7.253916583994628,10,0,10,11
323,77520,2720.880439814814,40,70320.0,2,1709,8.83912037037034,12,0,10,10
324,77760,1756.7558256172847,22,79440.0,2,913,5.088348765432071,8,0,5,5
325,78000,2134.3598958333337,29,75840.0,2,1287,6.88020833333327,15,0,7,10
326,78240,2322.722775205762,31,74400.0,2,1555,8.15444958847732,8,0,12,12
327,78480,1787.6597728587967,23,78960.0,2,942,5.280454282407391,13,0,5,5
328,78720,2369.875231481482,30,74160.0,2,1343,6.8495370370369955,9,0,7,7
329,78960,2541.3509018132722,37,71760.0,1,1713,8.898196373456797,8,0,9,10
330,79200,2438.028298611111,32,73440.0,2,1400,7.543402777777779,11,0,8,9
331,79440,2496.3494993540057,33,72960.0,2,1530,7.901001291989629,11,0,9,10
332,79680,2058.358738425926,26,76800.0,2,1130,5.8825231481481515,11,0,5,8
333,79920,2419.893508873457,33,73440.0,2,1499,7.81298225308637,11,0,10,12
334,80160,2269.5133435984353,30,74880.0,2,1406,7.573312803130475,13,0,8,8
335,80400,2363.318148791153,33,73680.0,2,1487,7.9637024176954325,9,0,7,9
336,80640,2184.072868061257,30,75360.0,2,1477,7.454263877485804,11,0,6,7
337,80880,2449.970958887756,34,73200.0,2,1619,8.65808222448844,11,0,9,9
338,81120,2721.0878482114595,43,69600.0,2,1768,9.42430357708132,13,0,12,11
339,81360,2267.9079282407415,31,74640.0,1,1336,6.7841435185184755,12,0,7,7
340,81600,2394.7111689814815,32,73680.0,2,1365,7.177662037036991,13,1,7,11
341,81840,2154.1605324074076,30,75360.0,2,1227,6.278935185185118,12,0,8,9
342,82080,2543.578730008417,35,72240.0,2,1662,8.442539983164938,10,0,9,9
343,82320,2139.6084490740745,29,75600.0,2,1315,6.383101851851761,10,0,9,9
344,82560,2641.3454282407415,36,71280.0,2,1530,7.909143518518452,16,0,10,10
345,82800,2579.5097993827158,38,71280.0,2,1600,8.580401234567862,13,0,11,11
346,83040,2107.375557263825,30,75600.0,1,1291,6.848885472348335,11,0,6,6
347,83280,2824.9186922978574,46,68400.0,2,1766,9.762615404285128,10,0,9,9
348,83520,2427.920659722223,34,72960.0,2,1226,6.7586805555554985,11,0,6,10
349,83760,2199.9402148552326,32,74880.0,2,1435,7.719570289535558,11,0,8,9
350,84000,2201.714516385258,31,74880.0,2,1407,7.170967229484309,9,0,10,10
351,84240,2315.589641203704,31,74160.0,1,1526,7.420717592592561,9,0,7,8
352,84480,2111.544513530003,28,76080.0,2,1275,6.510972939994206,8,0,9,9
353,84720,2245.389699074074,30,75120.0,2,1498,7.8206018518518094,11,0,9,11
354,84960,1884.7741621372263,23,78720.0,2,1307,7.051675725547039,11,0,7,6
355,85200,2610.395328282828,39,71040.0,2,1683,8.809343434343358,9,0,10,10
356,85440,2886.646156106919,47,67680.0,2,1891,10.30768778616173,10,0,10,10
357,85680,2427.271180555556,34,73200.0,2,1539,8.057638888888858,10,0,12,12
358,85920,2211.517779512213,29,75600.0,2,1371,7.564440975573766,12,0,7,7
359,86160,2410.7453125,33,73440.0,2,1604,8.109374999999941,8,0,10,11
360,86400,2601.1406269955296,38,71280.0,2,1755,9.318746008939964,10,1,13,12
361,86640,3008.0528335309396,43,68160.0,0,1899,10.494332938121122,9,0,8,9
362,86880,2818.5534985108957,44,68640.0,2,1947,10.493002978206922,12,0,12,12
363,87120,2428.5080600682545,37,72720.0,2,1823,9.583879863491699,7,1,11,11
364,87360,3058.6728894335506,50,66240.0,2,2104,11.254221132897651,12,0,11,12
365,87600,2603.88326099537,41,70560.0,2,1676,8.833478009259187,9,1,10,10
366,87840,2651.5184606481484,36,71520.0,2,1642,8.563078703703713,7,1,10,13
367,88080,3272.4106554266878,58,63120.0,2,2304,12.77868914662411,11,0,14,14
368,88320,3382.150115740741,54,63600.0,1,2653,14.299768518518603,10,0,15,16
369,88560,3238.2442348375334,58,63840.0,1,2383,13.111530324932792,10,0,15,15
370,88800,3109.9528935185185,51,65760.0,2,2355,12.694212962963068,7,0,13,14
371,89040,2759.112538109756,43,69840.0,2,2304,12.374923780487869,11,0,13,12
372,89280,2855.748657905743,42,69360.0,2,2287,12.102684188512823,9,0,12,11
373,89520,3332.8156250000006,57,63360.0,1,2631,13.968750000000096,11,0,16,15
374,89760,3535.143100273569,65,60720.0,2,2740,15.313799452862067,12,0,18,18
375,90000,3512.731960017534,63,61440.0,2,2910,16.13607996493174,11,0,19,19
376,90240,3525.633526234568,63,61200.0,2,2834,15.332947530864244,14,0,18,17
377,90480,3443.453367808125,60,61680.0,1,2674,14.693264383750357,10,1,17,18
378,90720,3537.1038694321405,59,61440.0,2,2429,13.392261135720599,13,0,15,14
379,90960,3348.9427021783126,63,62160.0,2,2692,14.714595643374821,10,0,17,16
380,91200,3601.460323075756,69,59760.0,1,2792,15.679353848488585,14,0,17,19
381,91440,3386.670103276354,64,61920.0,2,3106,17.259793447293628,12,0,19,21
382,91680,3467.763348765432,64,61200.0,1,3309,18.073302469135765,11,0,20,21
383,91920,3591.175670958592,68,59760.0,2,3313,18.24865808281764,11,0,21,23
384,92160,3599.5433987403103,71,59280.0,1,3355,18.513202519379874,16,0,21,23
385,92400,3543.6064935378085,70,59760.0,2,3405,18.387012924382883,12,0,23,23
386,92640,3398.2995377022144,69,61200.0,2,3258,18.00092459557271,14,0,21,21
387,92880,3492.54537037037,67,60720.0,2,3209,17.509259259259284,14,0,19,20
388,93120,3514.3569854742314,61,61680.0,1,3342,17.886029051538447,4,0,22,21
389,93360,3535.439544753087,71,59520.0,1,3247,17.72091049382726,10,0,21,21
390,93600,3810.068807745526,78,56400.0,2,3349,18.462384508948166,11,0,22,22
391,93840,3392.2100115740745,64,61680.0,2,3167,17.179976851851944,12,0,21,21
392,94080,3443.2568711932445,66,61200.0,2,3096,17.086257613510544,10,1,20,21
393,94320,3527.473611111111,66,60720.0,1,3279,17.65277777777776,5,0,21,21
394,94560,3792.854731976232,74,57360.0,1,3238,17.890536047537175,10,0,21,20
395,94800,3296.019618055556,56,63600.0,2,2721,14.560763888888877,10,0,16,15
396,95040,3067.426135706018,49,66000.0,2,1815,9.747728587963017,10,0,11,12
397,95280,2987.4312948336387,48,67440.0,2,2316,12.737410332722916,11,0,14,14
398,95520,3298.5717840608468,58,63840.0,1,2889,15.456431878307033,10,0,18,19
399,95760,3458.9069829606046,63,61920.0,1,3212,17.786034078790994,10,0,21,23
400,96000,3238.2721064814814,61,63840.0,2,3334,18.055787037037028,8,0,19,23
401,96240,3682.4707589285713,66,59520.0,2,3295,17.658482142857213,10,0,22,21
402,96480,3691.958061617,67,59760.0,1,3070,16.683876765998942,6,0,20,20
403,96720,3443.0883680555553,65,61440.0,1,3199,17.42326388888895,7,0,20,21
404,96960,3738.6070023148145,73,58080.0,1,2957,16.385995370370384,9,0,18,20
405,97200,3471.030902777777,71,60240.0,1,3343,18.538194444444642,10,0,20,22
406,97440,3593.233544280168,73,58800.0,1,3244,18.132911439665577,13,0,21,23
407,97680,3367.667773719336,65,61920.0,1,3123,17.26445256132767,11,0,20,20
408,97920,3802.4404160236622,71,58080.0,1,3178,17.71916795267515,8,0,18,21
409,98160,3686.719631583693,67,59520.0,2,3215,18.160736832611995,10,0,19,21
410,98400,3549.5119626322753,65,60960.0,3,3399,18.576074735449936,12,0,21,23
411,98640,3846.6209993035513,82,55200.0,2,3252,18.358001392897226,9,0,21,23
412,98880,3911.7325810185184,75,56640.0,3,3209,18.13483796296294,15,1,19,23
413,99120,3422.6865740740745,66,61440.0,1,3276,18.226851851851848,14,0,20,23
414,99360,3712.460341411123,67,59520.0,2,3177,17.67931717775464,12,0,20,22
415,99600,3635.2255261325095,69,59520.0,2,3256,18.148947734980567,12,0,21,23
416,99840,3292.72222635582,62,63120.0,1,3326,18.15554728835997,13,0,21,22
417,100080,3029.38810599715,61,64800.0,2,3420,18.823788005699836,10,1,22,24
418,100320,3427.493344907408,74,59760.0,2,3603,19.61331018518538,15,0,23,25
419,100560,2898.0509248542526,64,65040.0,2,3383,18.498150291495215,14,0,24,23
420,100800,3316.476339285715,65,61920.0,3,3206,17.647321428571626,12,0,19,22
421,101040,3330.373428596866,67,61920.0,1,3523,18.853142806267957,9,0,24,24
422,101280,3317.1403456769654,70,61200.0,2,3514,19.31930864606875,10,0,24,24
423,101520,3559.5925925925926,71,59520.0,1,3579,19.414814814814914,13,0,22,23
424,101760,3308.923526936027,67,61680.0,2,3429,18.752946127946288,7,0,23,23
425,102000,3415.355374710648,69,60480.0,1,3240,17.889250578703816,13,0,21,23
426,102240,3337.918476430977,67,61680.0,2,3238,17.763047138047252,9,0,20,22
427,102480,3324.7613737341644,70,61200.0,1,3071,17.077252531671167,9,0,20,21
428,102720,3275.267013888889,60,63600.0,1,3316,18.065972222222324,13,0,19,23
429,102960,3550.934672619047,74,59040.0,2,3409,18.73065476190486,11,0,21,22
430,103200,3681.9241307908824,70,59040.0,2,3372,18.751738418235647,13,1,22,24
431,103440,3463.204571759259,63,61920.0,1,3301,18.190856481481504,11,0,19,22
432,103680,3030.303472222222,55,66240.0,1,3584,18.993055555555603,11,0,21,23
433,103920,3001.753993055556,64,64800.0,1,3444,19.09201388888901,7,0,21,24
434,104160,3070.901273148148,59,65280.0,1,3482,18.797453703703827,11,0,22,24
435,104400,3255.833485900673,72,61200.0,2,3527,18.9330281986533,12,0,24,22
436,104640,3124.832035383598,64,63840.0,2,3470,18.93592923280427,9,0,22,24
437,104880,3157.7633763227514,68,62640.0,1,3535,19.07324735449732,12,0,22,24
438,105120,3065.306357598806,66,63840.0,1,3471,18.987284802389066,13,0,24,24
439,105360,3263.531613005051,73,61200.0,1,3533,19.536773989899068,10,0,22,25
440,105600,3171.1244257478634,65,62880.0,1,3323,18.35114850427362,14,2,22,24
441,105840,3123.9281828703697,68,62880.0,2,3417,18.74363425925939,9,0,22,24
442,106080,3161.7621638007063,67,62880.0,1,3535,19.075672398589106,12,0,23,24
443,106320,3436.6062044051628,71,60240.0,2,3512,19.387591189674605,13,0,23,23
444,106560,3201.8479410331383,67,62400.0,1,3672,19.904117933723125,14,1,24,25
445,106800,3253.171105225793,67,62160.0,1,3516,19.257789548414692,10,0,23,23
446,107040,3266.870363368889,72,60960.0,2,3414,18.859273262222715,11,1,22,23
447,107280,3422.516261574074,60,62160.0,1,3442,18.567476851851893,13,1,21,23
448,107520,3091.350553902116,71,62640.0,2,3404,18.898892195767317,14,0,21,23
449,107760,3169.5244370791247,65,62880.0,1,3661,19.55112584175093,14,0,24,24
450,108000,2838.2993248456796,66,65040.0,2,3516,19.001350308642007,13,0,23,23
451,108240,3259.489872685185,69,61680.0,2,3603,19.620254629629827,13,0,22,22
452,108480,3403.480003458919,70,60480.0,2,3638,19.63999308216273,13,0,23,23
453,108720,3344.230803571429,68,61440.0,1,3549,19.138392857142932,12,0,23,24
454,108960,3455.3304976851846,73,59520.0,1,3502,18.939004629629803,11,0,21,23
455,109200,3191.3018503814164,60,63840.0,1,3528,18.996299237167882,12,0,23,24
456,109440,3109.077180032948,62,63840.0,1,3336,18.445639934105603,13,0,23,23
457,109680,3140.931655092593,62,63840.0,1,3670,19.736689814814874,11,0,22,24
458,109920,3232.7551504629623,67,62400.0,1,3498,19.089699074074154,12,0,22,23
459,110160,3182.0404513888884,62,63360.0,1,3432,18.51909722222222,9,0,22,24
460,110400,3047.306234217172,65,63840.0,1,3488,18.98753156565661,12,0,22,23
461,110640,3182.3194692460315,73,61440.0,2,3444,18.96106150793658,11,0,22,23
462,110880,2982.254737103174,64,64800.0,2,3254,18.090525793650745,6,0,22,23
463,111120,3526.1066340488214,69,59760.0,1,3352,18.386731902356907,13,0,20,24
464,111360,3231.3520833333337,73,60960.0,2,3479,18.895833333333645,13,0,23,24
465,111600,3070.160179759838,65,63840.0,1,3334,18.27964048032399,11,0,20,24
466,111840,3550.1026371043636,70,59520.0,1,3268,18.394725791273896,11,0,21,22
467,112080,3056.011226851853,61,64560.0,1,3504,18.577546296296262,11,0,23,23
468,112320,3256.819645877848,68,61920.0,3,3518,18.960708244301955,13,0,23,23
469,112560,3314.648151655443,68,61200.0,2,3297,18.303696689113526,14,0,21,24
470,112800,3043.365021494709,62,64320.0,2,3507,18.869957010582276,12,1,23,24
471,113040,3196.159375,61,63600.0,1,3374,18.281250000000078,12,0,21,23
472,113280,3067.8839904164124,69,62880.0,1,3374,18.832019167175446,13,0,22,24
473,113520,3300.7430891253803,76,60240.0,1,3457,19.11382174923849,10,0,22,24
474,113760,3300.1718755314473,67,61680.0,1,3310,18.25624893710628,11,1,22,23
475,114000,3076.2160090488214,59,64800.0,1,3333,18.167981902357056,12,0,21,24
476,114240,3083.4954089506177,65,63600.0,1,3395,18.609182098765505,14,0,21,23
477,114480,3114.3796957671957,62,64080.0,2,3463,18.840608465608447,13,0,22,23
478,114720,3172.928192680935,69,61920.0,2,3394,18.743614638130673,13,1,22,23
479,114960,3386.138774362212,64,61920.0,1,3362,18.322451275576423,11,0,22,24
480,115200,3381.7332013713535,66,61440.0,1,3298,18.133597257295335,10,0,21,24
481,115440,3114.9856481481484,62,63840.0,1,3432,18.628703703703803,10,0,23,24
482,115680,3354.7346621495967,66,61680.0,1,3271,18.13067570080672,13,0,20,23
483,115920,3196.7593171296294,58,64320.0,2,3292,18.081365740740768,9,0,20,24
484,116160,2983.2891336871317,58,65520.0,1,3238,18.021732625736604,12,0,21,23
485,116400,3016.764642417767,62,64560.0,1,3293,18.070715164465266,9,0,21,23
486,116640,3321.76896043771,65,62160.0,1,3290,18.062079124579274,11,0,21,23
487,116880,3241.714710936984,61,63120.0,2,3308,18.17057812603157,9,0,22,23
488,117120,3108.7938128025053,62,63840.0,2,3258,18.012374394991735,10,0,21,24
489,117360,3326.213115530303,65,61920.0,2,3325,18.17376893939399,7,0,21,24
490,117600,3149.274554469579,58,64800.0,1,3266,18.050891060842,8,0,21,24
491,117840,3095.2728184624025,61,64320.0,1,3291,18.054363075196466,10,0,21,24
492,118080,3272.808203082573,62,63120.0,2,3231,17.9835938348541,12,0,21,23
493,118320,3054.2727220117845,63,63840.0,2,3303,18.05455597643115,8,0,21,24
494,118560,3303.1279171772358,72,60960.0,1,3505,19.344165645530435,11,0,23,25
495,118800,3317.464508258258,62,62640.0,1,3485,18.670983483483575,7,0,23,25
496,119040,3219.7101774961156,61,63600.0,1,3321,18.179645007770105,8,0,20,23
497,119280,2836.292746016365,57,66960.0,2,3264,18.014507967269587,7,0,21,23
498,119520,3621.725847011785,66,60240.0,1,3293,18.14830597643104,9,0,20,23
499,119760,3318.2704071969692,62,62880.0,2,3283,18.05918560606085,11,0,21,24
500,120000,3407.217534722223,65,61680.0,1,3530,19.16493055555562,9,0,22,24
501,120240,3740.2248098544983,71,58080.0,1,3510,19.150380291005273,8,0,22,23
502,120480,3419.80433722763,63,61920.0,2,3219,17.99132554473997,13,0,21,24
503,120720,3298.662351103085,63,62400.0,1,3355,18.275297793829868,10,0,22,24
504,120960,2993.2582544191914,57,65760.0,1,3307,18.083491161616294,7,0,21,24
505,121200,3355.2585437710445,65,61680.0,2,3296,18.082912457912524,9,0,21,24
506,121440,3565.7296085858584,66,60480.0,1,3261,18.140782828282777,10,1,20,24
507,121680,3188.56583543771,63,63360.0,1,3416,18.46832912457907,7,0,21,24
508,121920,3327.3937499999997,63,62400.0,1,3510,18.812500000000025,10,0,22,25
509,122160,2939.6352798821554,57,66240.0,2,3382,18.32944023569026,8,0,22,23
510,122400,3217.1868206807653,65,62640.0,1,3303,18.22635863846814,8,0,21,24
511,122640,2968.2312873357237,60,65280.0,2,3323,18.137425328554432,7,0,22,23
512,122880,3285.684259259259,67,61680.0,1,3617,19.231481481481335,8,0,23,24
513,123120,3220.6025104076944,67,62160.0,2,3322,18.394979184611074,7,1,21,22
514,123360,3240.4899031904965,64,62400.0,3,3465,18.620193619006507,14,0,24,23
515,123600,3088.398660714287,67,63360.0,2,3428,18.802678571428572,13,0,22,23
516,123840,3360.865938963389,69,60960.0,2,3447,18.86812207322281,8,0,21,22
517,124080,3501.743758267196,72,59760.0,1,3431,19.112483465608438,9,0,21,23
518,124320,3655.6443287037036,81,57120.0,1,3656,20.31134259259272,6,0,23,24
519,124560,3466.384218409586,71,60480.0,1,3447,18.83156318082798,9,0,22,23
520,124800,3351.909250992064,68,61440.0,1,3439,18.781498015872984,13,0,23,24
521,125040,3552.78951260288,75,59040.0,2,3402,19.02097479423875,13,0,20,23
522,125280,3492.0561590608468,71,60000.0,1,3377,18.487681878306933,11,0,22,23
523,125520,3372.3132275132266,66,61920.0,1,3457,18.97354497354507,7,0,22,23
524,125760,3517.8855539405686,73,59280.0,2,3461,18.828892118863074,11,0,23,24
525,126000,3768.8689236111113,74,57600.0,2,3376,18.862152777777887,9,0,21,24
526,126240,3599.928344119852,66,60240.0,1,3330,18.743311760296233,11,0,20,24
527,126480,3734.221354166666,78,57120.0,1,3449,19.157291666666712,11,0,22,24
528,126720,3598.5149884259263,75,58560.0,2,3623,19.57002314814811,10,0,24,24
529,126960,3480.126099537037,68,60720.0,1,3340,18.347800925926038,12,0,21,24
530,127200,3580.0046356421362,68,60000.0,2,3365,18.590728715728815,12,0,22,24
531,127440,3638.517013888888,75,58560.0,1,3557,19.565972222222403,10,0,23,24
532,127680,3925.2846643518515,77,55920.0,1,3488,19.030671296296315,15,0,21,24
533,127920,3850.979274905692,79,55920.0,1,3367,18.64145018861455,13,0,22,25
534,128160,3597.4184275793655,73,58800.0,1,3365,18.76314484127005,12,0,21,24
535,128400,3622.1405821608955,70,59520.0,1,3522,19.31883567821078,12,1,23,23
536,128640,3428.3374007936513,73,60000.0,1,3471,18.92519841269845,12,0,23,23
537,128880,3218.0689043209877,64,63120.0,1,3395,18.46219135802487,13,0,22,24
538,129120,3568.3911458333337,78,58080.0,2,3599,19.817708333333375,13,0,23,25
539,129360,3519.7518132716054,73,59040.0,2,3492,19.096373456790133,16,0,20,24
540,129600,3527.7868055555564,69,59760.0,2,3504,19.02638888888905,13,1,22,23
541,129840,3586.267899616862,73,59040.0,2,3525,19.064200766276127,14,0,23,23
542,130080,3126.235409110918,71,62400.0,2,3474,19.129181778164117,11,0,22,25
543,130320,3505.1290456649836,73,59760.0,1,3562,19.341908670033828,13,0,23,24
544,130560,3142.442263895012,73,61920.0,2,3664,19.715472209974493,13,0,23,24
545,130800,3479.3789089582197,74,59520.0,2,3410,18.842182083561447,9,0,20,24
546,131040,3258.605564814096,67,62160.0,1,3770,20.388870371808704,13,0,24,23
547,131280,3639.5171378968253,77,57600.0,1,3408,18.56572420634931,11,0,23,23
548,131520,3495.1205913299664,66,60720.0,1,3394,18.3588173400674,15,0,23,22
549,131760,3269.2976851851854,66,62400.0,1,3474,19.004629629629708,11,0,22,24
550,132000,3581.2910300925923,77,58320.0,1,3180,18.017939814814884,15,1,21,24
551,132240,3321.356913365913,64,62400.0,1,3195,17.886173268175654,16,0,20,23
552,132480,3312.4342592592598,69,61440.0,1,3423,18.731481481481424,12,0,21,24
553,132720,3683.5206392973855,75,57840.0,1,3281,18.55872140522885,10,0,20,23
554,132960,3561.5453703703706,75,58800.0,1,3333,18.50925925925928,9,0,21,24
555,133200,3394.192843364197,65,61680.0,1,3539,19.21431327160498,13,0,21,25
556,133440,3481.1292981902357,69,60480.0,1,3352,18.34140361952874,13,0,22,24
557,133680,3338.35943287037,70,61200.0,2,3453,18.881134259259404,13,0,22,23
558,133920,3209.7593942901235,65,62880.0,1,3528,19.08121141975308,9,0,23,24
559,134160,3422.300636574075,71,60720.0,1,3407,18.99872685185196,8,0,20,24
560,134400,3371.5156669061307,67,61440.0,1,3323,18.56866618773953,13,0,21,23
561,134640,3358.093171296297,72,60720.0,1,3553,19.41365740740752,8,0,23,24
562,134880,3483.397110461983,74,59280.0,2,3364,18.805779076033765,12,1,21,23
563,135120,3333.7488589738873,70,60960.0,1,3508,19.102282052224332,15,1,23,23
564,135360,3003.2561792695474,64,64560.0,2,3556,19.087641460905417,9,0,23,22
565,135600,3392.651273148148,74,60000.0,1,3503,19.29745370370375,12,0,23,25
566,135840,3452.497492283951,70,60480.0,1,3591,19.60501543209891,11,0,23,25
567,136080,3492.0481849747475,71,59760.0,1,3336,18.503630050505063,8,0,23,23
568,136320,3774.7284561471197,83,55680.0,1,3392,19.143087705761268,12,1,23,23
569,136560,3565.8694775132276,73,59280.0,1,3632,19.861044973545116,12,0,23,23
570,136800,3534.935127314814,79,57840.0,2,3602,19.729745370370473,13,0,22,25
571,137040,3703.7395254629632,80,56400.0,1,3477,19.120949074074225,9,0,22,23
572,137280,4216.303182870371,83,53280.0,1,3338,18.993634259259306,12,0,23,23
573,137520,4079.667283950618,85,53760.0,1,3358,19.26543209876557,8,0,22,22
574,137760,4281.6987268518515,92,51120.0,1,3589,20.2025462962964,6,0,22,24
575,138000,4186.580542695474,94,51600.0,1,3431,19.438914609053672,7,0,23,25
576,138240,3831.461014226453,75,56880.0,1,3391,18.677971547097044,12,0,22,22
577,138480,3736.7351851851845,76,56880.0,1,3474,19.129629629629633,9,0,23,24
578,138720,3783.7318744616714,74,57600.0,2,3479,19.136251076657963,9,0,22,24
579,138960,4474.767303240741,97,48480.0,1,3572,20.065393518518647,10,0,23,24
580,139200,4268.828002829218,84,53280.0,1,3508,19.94399434156369,10,0,23,23
581,139440,3885.039033564815,76,56640.0,1,3547,19.521932870370325,12,0,22,24
582,139680,4712.055497685185,84,49680.0,1,3262,18.489004629629743,12,0,22,23
583,139920,4209.540740740741,81,54000.0,1,3420,19.51851851851865,11,0,20,24
584,140160,3815.6886270943564,75,57120.0,1,3536,19.222745811287496,9,0,22,24
585,140400,3847.299605429293,82,55920.0,1,3632,20.000789141414295,11,0,24,24
586,140640,3520.5438409391536,65,60720.0,1,3386,18.512318121693124,13,0,22,22
587,140880,4379.841121720679,82,52320.0,1,3325,18.917756558642008,6,0,22,23
588,141120,4586.447967303241,89,49680.0,1,3170,18.704065393518647,11,0,21,23
589,141360,4360.582560896985,70,54480.0,1,3130,17.43487820602871,14,0,20,22
590,141600,4576.159164875442,79,51600.0,1,2934,17.281670249118243,15,0,20,22
591,141840,4711.98576388889,86,49440.0,1,3197,18.628472222222218,11,0,19,23
592,142080,4498.385860339506,78,52320.0,1,3076,17.8282793209878,11,0,21,20
593,142320,4988.264152520577,93,46320.0,1,3037,18.07169495884787,9,0,20,22
594,142560,5019.311863425926,98,44880.0,2,3056,17.976273148148223,18,0,21,22
595,142800,4621.948428731763,80,51120.0,2,3095,17.703142536475912,17,0,20,21
596,143040,4528.510267050588,80,51600.0,1,3011,17.579465898825823,16,0,20,22
597,143280,5060.047151692708,98,45120.0,1,3131,18.505696614583425,15,0,23,23
598,143520,5011.419502314816,96,45360.0,2,3249,18.760995370370416,13,0,22,22
599,143760,4663.082664609053,78,51600.0,1,3164,18.434670781893175,13,0,22,23
600,144000,4918.825173611111,85,48240.0,1,3104,17.949652777777928,16,0,21,22
601,144240,4649.229398148149,84,50160.0,2,3182,18.141203703703887,14,0,21,22
602,144480,4792.274826388891,85,49200.0,1,3135,18.050347222222303,13,0,19,21
603,144720,4544.876714409722,80,51840.0,2,3103,17.846571180555642,14,0,21,23
604,144960,4781.109027777776,99,46560.0,2,3267,19.3819444444444,19,0,22,23
605,145200,4754.562400793651,97,47040.0,2,3143,18.47519841269843,15,1,20,22
606,145440,4405.2976851851845,81,52320.0,1,3148,18.004629629629697,10,0,20,22
607,145680,4714.764716880341,90,48480.0,1,3154,18.070566239316296,14,0,22,22
608,145920,4675.82662037037,88,48960.0,1,3114,17.946759259259213,13,0,20,22
609,146160,4604.091915954416,93,48720.0,1,2911,17.416168091168167,19,0,21,21
610,146400,4338.6599339653085,89,51600.0,1,3081,18.280132069382006,16,0,22,23
611,146640,4408.3095486111115,79,52800.0,2,3123,17.980902777777846,13,2,19,22
612,146880,4542.150637955595,81,51360.0,1,3150,18.298724088810285,15,0,19,21
613,147120,4610.344155092592,86,49920.0,1,3028,17.91168981481486,13,0,19,22
614,147360,4355.279456018518,80,52800.0,1,3127,18.0410879629631,12,0,18,22
615,147600,4199.878125,78,54720.0,1,2976,17.843750000000185,8,1,19,22
616,147840,4336.425,101,49200.0,1,3123,18.75,11,0,20,24
617,148080,4177.795949074074,77,54720.0,1,3146,18.0081018518519,11,1,19,22
618,148320,4367.090412808642,79,53040.0,1,2989,17.41917438271611,19,0,20,21
619,148560,4317.335122863248,80,52800.0,1,3085,17.929754273504376,14,0,19,22
620,148800,4295.35032091751,80,52800.0,2,3093,17.899358164983326,14,0,20,22
621,149040,4400.629282407407,80,52560.0,2,2970,17.341435185185272,8,0,18,21
622,149280,4439.336944970539,79,52320.0,2,3078,17.926110058922642,14,0,19,22
623,149520,4270.428775032299,81,53040.0,1,3053,17.742449935400593,11,0,18,22
624,149760,4357.774089856902,84,52320.0,1,3064,18.05182028619535,12,0,18,21
625,150000,4211.8735348274395,79,54000.0,1,3086,17.85293034511782,12,0,17,19
626,150240,4660.376967592592,85,49680.0,1,3093,17.846064814814888,8,0,17,20
627,150480,4423.299999999999,80,52320.0,1,3097,18.000000000000195,8,0,16,21
628,150720,4586.6492476851845,86,49920.0,1,2927,17.301504629629665,12,0,18,21
629,150960,4420.8928819444445,87,50640.0,1,3063,17.814236111111217,15,1,17,19
630,151200,4449.395775462964,88,50400.0,2,3099,17.808449074074176,12,1,20,20
631,151440,4404.231712962964,79,52800.0,2,3165,18.136574074074108,8,0,17,20
632,151680,4513.792476851852,79,52080.0,1,3128,18.01504629629627,15,0,18,20
633,151920,4258.7118589743595,81,53040.0,2,2927,17.176282051282136,11,0,17,18
634,152160,4289.884780092591,76,54240.0,2,3113,17.830439814814753,12,1,17,19
635,152400,4258.870201210827,80,53280.0,1,3068,17.859597578347536,10,0,17,21
636,152640,4275.010269861312,79,53760.0,1,3011,17.57946027737682,8,0,17,19
637,152880,4080.822858796296,77,55200.0,1,3149,17.954282407407543,8,0,17,19
638,153120,4493.8674913194445,79,52080.0,2,3082,17.865017361111203,16,0,16,18
639,153360,4867.663165509261,89,47520.0,1,2905,17.27366898148173,16,0,18,19
640,153600,4668.401504629628,86,49440.0,1,3085,17.796990740740863,11,0,17,19
641,153840,4271.447685185185,79,53760.0,1,3054,17.70462962962971,10,1,18,19
642,154080,4355.411400462963,78,53040.0,1,2855,16.77719907407422,15,0,18,19
643,154320,4338.785243055556,79,53040.0,2,2918,17.029513888889007,13,0,17,19
644,154560,4241.903009259258,77,54000.0,2,2913,16.793981481481495,12,0,16,17
645,154800,4254.813109864672,76,54000.0,1,2894,16.973780270655308,11,0,16,17
646,155040,4435.478980195472,95,49440.0,2,2965,17.64203960905346,15,0,17,17
647,155280,4439.217664559592,81,51840.0,1,2899,17.164670880816768,12,0,16,18
648,155520,4532.786204346707,80,51360.0,1,2874,17.027591306584377,10,0,17,18
649,155760,4173.023668981482,76,54480.0,1,2772,16.55266203703703,9,0,16,17
650,156000,4396.912847222223,82,52080.0,1,2846,16.774305555555664,12,0,16,18
651,156240,4471.072617669752,83,51840.0,1,2970,17.454764660493826,13,0,17,17
652,156480,4619.189033564815,106,46320.0,1,3231,19.221932870370384,12,0,19,19
653,156720,4559.010947833995,87,49920.0,1,3042,17.578104332010636,12,0,17,18
654,156960,4321.030613425926,85,52320.0,1,3034,17.5387731481482,10,0,17,19
655,157200,4286.336058752205,69,55440.0,1,2954,16.92788249559084,10,0,17,18
656,157440,3617.558391203703,61,61200.0,1,2911,16.483217592592744,5,0,16,19
657,157680,4922.645775462964,83,48240.0,1,2701,16.308449074074204,16,0,16,17
658,157920,5013.128146582991,82,48240.0,1,2657,16.343706834019102,12,0,16,18
659,158160,5007.013047368791,81,48480.0,1,2787,16.57390526241969,9,0,17,18
660,158400,5028.2188979634675,72,50400.0,1,2751,16.162204073068438,10,0,17,16
661,158640,5046.228474977955,77,49200.0,1,2735,16.14305004409174,12,0,16,16
662,158880,5143.2209104938265,81,47760.0,1,2738,16.158179012345613,13,0,16,16
663,159120,5002.498838305898,78,49200.0,1,2842,16.602323388203086,15,0,18,19
664,159360,5082.740007716048,81,48000.0,1,2724,16.119984567901195,14,0,18,19
665,159600,5142.104398148149,86,46800.0,1,2649,16.39120370370383,13,0,18,21
666,159840,5255.412585427689,90,45360.0,1,2876,16.774829144620835,13,0,19,18
667,160080,5042.108250661376,77,49200.0,1,2732,16.383498677248742,7,0,17,20
668,160320,4434.143133404982,72,54000.0,1,2732,16.31373319003534,11,0,21,22
669,160560,3455.8507406510194,58,62640.0,1,2731,15.898518697961672,7,0,25,28
670,160800,3878.558004712301,61,60000.0,1,2766,16.48399057539674,10,0,21,25
671,161040,4132.744292153996,60,58320.0,1,2791,16.1114156920079,9,0,20,23
672,161280,4134.667283950617,64,57360.0,1,2919,16.265432098765473,14,0,21,25
673,161520,3178.069386574075,37,68400.0,1,2419,12.46122685185185,6,0,22,24
674,161760,3746.3290088437197,59,60720.0,1,2831,15.941982312561139,7,0,24,26
675,162000,3671.271161265432,45,64080.0,1,2623,14.057677469135767,2,0,21,22
676,162240,4062.7738947806015,57,59280.0,1,2822,16.052210438798035,9,0,20,23
677,162480,4542.372967303239,62,55440.0,1,2490,14.854065393518633,4,0,18,21
678,162720,4226.577777777778,55,58800.0,1,2595,14.444444444444617,7,0,19,21
679,162960,4563.68419196813,71,53040.0,1,2768,16.231616063738286,10,0,19,20
680,163200,4836.8473958333325,72,51120.0,2,2877,16.90520833333336,8,0,17,21
681,163440,4941.828935185186,83,48720.0,1,2847,16.942129629629807,11,0,19,22
682,163680,4435.901273148147,62,55920.0,1,2772,15.797453703703827,10,0,20,23
683,163920,3570.9599268353177,40,66000.0,2,2311,12.680146329365156,14,0,20,21
684,164160,3465.3989366319456,42,66240.0,1,2456,13.802126736111159,9,0,24,26
685,164400,4243.343458228481,59,57840.0,1,2658,15.913083543037748,4,0,18,20
686,164640,4060.708274135045,56,59280.0,1,2481,15.183451729910272,6,0,19,22
687,164880,3506.124004804994,52,63360.0,1,2653,15.351990390011327,7,0,24,25
688,165120,3664.801454371093,54,62400.0,1,2730,15.99709125781414,9,0,19,20
689,165360,4577.054877521464,73,52320.0,1,2786,16.49024495707265,13,0,20,21
690,165600,4943.896171495043,83,48480.0,1,2817,16.80765700991404,9,0,20,21
691,165840,4640.799674479166,74,52080.0,1,2983,17.000651041666742,8,0,19,21
692,166080,4664.194844714505,77,51360.0,1,2979,17.210310570987705,12,0,19,22
693,166320,4526.692807539683,87,50400.0,1,2911,17.214384920634977,17,0,20,24
694,166560,4789.557518159322,78,50160.0,1,2760,16.48496368135388,11,0,19,21
695,166800,5042.7386987433865,82,48000.0,1,2932,17.122602513227577,9,0,20,22
696,167040,4707.213541666667,73,52080.0,1,2820,16.172916666666737,10,0,21,21
697,167280,5017.796175620872,87,47280.0,1,2820,17.007648758254426,10,0,19,21
698,167520,4504.691203703704,67,54720.0,1,2752,16.217592592592652,10,0,17,21
699,167760,4378.498584042712,76,53280.0,1,2756,16.602831914575997,16,0,18,23
700,168000,3885.1294871582895,64,59040.0,1,2723,16.341025683421705,11,0,20,20
701,168240,4344.62667824074,79,53280.0,1,2855,17.34664351851859,11,0,18,23
702,168480,4310.352303791888,76,54000.0,1,3090,17.895392416225796,15,0,21,21
703,168720,4914.3703125,88,47760.0,1,2780,16.859374999999975,10,0,20,20
704,168960,4777.446797839506,86,48960.0,1,2975,17.706404320987723,15,0,19,22
705,169200,5025.326267361112,98,45120.0,1,2824,17.947465277777965,16,0,22,24
706,169440,4801.425192901234,82,49680.0,1,3075,17.749614197530903,14,0,21,21
707,169680,5267.301403677984,90,45120.0,1,3094,17.997192644032918,10,0,22,22
708,169920,4882.882283550701,88,47760.0,1,3044,17.835432898599805,12,0,19,21
709,170160,5120.490943992773,92,45600.0,1,3222,18.618112014453455,13,0,19,21
710,170400,4725.028877314814,94,48000.0,1,3128,18.54224537037035,13,0,19,23
711,170640,4850.656127936743,102,45600.0,1,3042,18.287744126512155,16,0,21,22
712,170880,4787.013155864197,82,49680.0,1,3057,17.573688271604976,14,0,21,22
713,171120,4516.603835822852,78,52560.0,1,2904,17.39232835429783,9,0,20,19
714,171360,4414.930787037038,88,50880.0,1,3021,17.73842592592607,10,0,17,20
715,171600,4498.354398148149,84,50880.0,1,3106,17.891203703703777,9,0,18,21
716,171840,4735.133333333334,90,48480.0,2,3153,18.33333333333331,10,0,18,21
717,172080,4424.8031828703715,81,52320.0,1,3138,17.993634259259245,7,0,18,21
718,172320,4597.328645833333,82,50880.0,1,3123,17.942708333333492,9,0,20,22
719,172560,4533.823895640431,83,50880.0,2,3125,17.95220871913592,11,0,19,21
720,172800,4102.318807870371,80,54480.0,1,3040,17.96238425925928,12,0,19,22
721,173040,4482.42644675926,92,49920.0,2,3025,17.747106481481524,14,0,19,21
722,173280,3934.4070601851854,74,56880.0,1,3124,17.785879629629626,10,0,21,23
723,173520,4450.379541070427,86,51120.0,2,3023,17.840917859147215,13,0,20,22
724,173760,3966.726575854702,76,55920.0,2,2917,17.146848290598275,13,1,20,21
725,174000,4312.979108796296,78,53280.0,1,3072,17.6417824074073,9,0,19,23
726,174240,4583.6493108165,94,48720.0,1,3140,18.301378367003448,14,0,19,21
727,174480,4248.403009259259,81,53520.0,1,3022,17.793981481481588,13,0,18,22
728,174720,4294.388252314815,81,52800.0,1,3098,17.823495370370505,11,0,20,23
729,174960,4056.131886574074,71,56400.0,1,2993,17.336226851851976,8,0,19,20
730,175200,4114.114442791006,85,53280.0,1,2977,17.371114417989546,10,0,18,19
731,175440,4806.071064814814,98,46080.0,1,2962,17.45787037037047,13,0,19,21
732,175680,4351.177893518519,90,51120.0,2,3071,18.24421296296294,11,0,20,22
733,175920,4573.346296296297,91,48960.0,1,3054,17.90740740740754,12,0,18,22
734,176160,4502.45998776898,84,50880.0,1,2946,17.680024462041896,15,0,18,20
735,176400,4319.93888888889,84,51840.0,1,3035,17.72222222222223,10,0,20,23
736,176640,4409.317939814815,84,51360.0,1,3126,17.9641203703705,10,0,20,22
737,176880,4408.384201388889,83,51600.0,1,3134,17.831597222222353,9,0,19,21
738,177120,4340.281770833332,80,52800.0,1,3157,18.036458333333254,10,0,17,20
739,177360,4284.9096643518515,80,53280.0,2,3103,17.780671296296333,15,0,21,23
740,177600,4150.2704861111115,78,54960.0,2,2822,17.059027777777967,11,0,16,19
741,177840,4071.267881944445,72,56400.0,0,2917,17.06423611111115,10,0,19,21
742,178080,4189.832118055556,73,55920.0,1,3147,17.93576388888899,10,0,17,19
743,178320,4358.385648148149,83,52320.0,1,3104,17.828703703703837,15,0,20,23
744,178560,4373.246469907407,82,52080.0,1,2909,17.107060185185293,15,0,18,20
745,178800,4440.88420138889,83,51840.0,2,3067,17.831597222222403,13,0,18,21
746,179040,4381.918634259258,84,51600.0,1,3063,17.762731481481573,12,0,20,23
747,179280,4246.354398148148,78,53760.0,1,3112,17.89120370370387,10,0,18,22
748,179520,4371.430427302303,83,51840.0,2,3058,17.739145395395433,14,0,20,23
749,179760,4422.219270833334,81,51840.0,1,2944,17.161458333333414,12,0,17,20
750,180000,4482.422685185185,84,51360.0,1,3082,17.75462962962958,12,0,19,22
751,180240,4123.689004629629,72,55920.0,2,2981,17.221990740740754,11,0,18,21
752,180480,4556.8601851851845,87,49920.0,1,3118,17.879629629629676,10,0,20,23
753,180720,4656.384587191357,86,49680.0,1,3069,17.830825617283992,13,0,19,23
754,180960,4200.197280092592,76,54720.0,1,2971,17.205439814814923,11,0,19,21
755,181200,4287.88203125,83,52320.0,2,3092,17.835937500000192,12,0,17,21
756,181440,4166.725347222222,72,55680.0,2,2848,17.149305555555713,13,0,16,20
757,181680,4528.4331597222235,87,49920.0,2,3059,17.733680555555594,9,0,20,23
758,181920,4419.870601851853,87,50880.0,2,3122,17.858796296296465,11,0,18,22
759,182160,4516.449594907407,85,50640.0,1,3043,17.70081018518529,14,0,19,22
760,182400,4175.346585648149,80,53760.0,1,3142,17.906828703703855,13,0,19,23
761,182640,4536.44351851852,82,51120.0,1,2995,17.71296296296302,13,0,17,23
762,182880,4307.745023148149,82,52320.0,2,2921,17.109953703703763,13,0,18,21
763,183120,4335.831346450618,80,53040.0,1,3108,17.937307098765427,10,0,20,21
764,183360,4470.044931958473,82,51600.0,2,3006,17.510136083052743,12,0,18,20
765,183600,4438.391435185185,82,51840.0,1,3100,17.817129629629665,12,0,18,20
766,183840,4013.330960648148,73,56640.0,2,3125,17.938078703703773,8,0,16,20
767,184080,4563.965668901661,85,50400.0,2,3023,17.668662196679378,9,0,17,20
768,184320,4257.916898148148,80,53520.0,2,3066,17.76620370370386,11,0,18,21
769,184560,4358.616261574073,91,50400.0,2,3200,18.367476851851883,15,0,19,19
770,184800,4293.936381172841,79,53520.0,1,3060,17.727237654321073,13,0,17,21
771,185040,4316.512094907406,84,52320.0,1,2983,17.57581018518522,10,0,17,18
772,185280,4657.8460069444445,85,49680.0,2,3090,17.90798611111114,12,0,17,21
773,185520,4445.68315007716,84,51120.0,2,2995,17.2336998456791,9,0,17,18
774,185760,4549.816782407408,85,50160.0,1,3130,17.9664351851852,10,0,18,20
775,186000,4344.953696895424,82,52320.0,2,3065,17.692606209150245,9,0,17,20
776,186240,4126.0595486111115,75,55200.0,1,3035,17.48090277777788,11,0,17,20
777,186480,4430.016145833333,86,50880.0,2,3032,17.56770833333336,12,0,18,20
778,186720,3991.453597608026,74,56400.0,1,3072,17.69280478395078,12,1,17,20
779,186960,4090.940128968254,73,56160.0,2,3071,17.719742063492195,13,0,17,20
780,187200,4463.911689814816,83,51600.0,2,3083,17.77662037037054,11,0,18,21
781,187440,4303.784168320106,80,52800.0,2,2914,17.03166335978843,12,0,17,18
782,187680,4568.3064446548815,84,50400.0,2,2870,16.98711069023569,12,0,17,19
783,187920,4089.24212962963,75,55440.0,2,2878,17.115740740740826,14,1,16,19
784,188160,4492.415451388889,84,50640.0,1,3058,17.76909722222232,8,0,17,21
785,188400,4154.966666666667,79,54000.0,2,3051,17.666666666666824,12,0,17,20
786,188640,4183.399479166667,77,54480.0,2,3101,17.801041666666812,9,0,17,20
787,188880,4314.889699074074,81,52800.0,1,3106,17.820601851851936,14,0,19,22
788,189120,3954.338773148149,74,56160.0,1,3130,17.922453703703813,12,0,16,20
789,189360,4549.9096643518515,86,50160.0,1,3076,17.780671296296426,13,0,18,21
790,189600,4460.850448265726,86,50640.0,1,3084,17.899103468547896,13,0,17,21
791,189840,4517.3706983024695,84,50640.0,2,3099,17.858603395061806,12,0,19,23
792,190080,4431.391724537038,85,51360.0,2,3072,17.81655092592599,13,0,17,21
793,190320,4501.923842592593,85,50640.0,2,3060,17.75231481481486,13,0,19,23
794,190560,4642.424421296297,86,49680.0,1,3052,17.751157407407536,14,0,20,23
795,190800,4240.2756944444445,78,54240.0,1,3174,18.048611111111164,13,0,18,20
796,191040,4536.8571606394125,86,50160.0,1,3010,17.885678721174187,13,0,18,22
797,191280,4294.357002314814,82,52800.0,2,3143,17.8859953703704,14,0,21,23
798,191520,4079.38600558279,73,55920.0,1,3040,17.827988834422715,14,0,17,21
799,191760,4336.342534722222,82,52320.0,2,3147,17.914930555555653,16,0,19,21
800,192000,4321.8853009259265,82,52320.0,2,3090,17.829398148148236,14,0,19,21
801,192240,4237.807233796297,77,54240.0,2,3133,17.985532407407483,14,0,18,21
802,192480,4798.351504629629,87,48480.0,2,3056,17.896990740740826,11,0,18,22
803,192720,4105.383912037037,80,54240.0,2,3097,17.832175925925934,12,0,19,20
804,192960,4285.824884259259,80,53280.0,1,3108,17.950231481481524,10,0,17,20
805,193200,4571.41545138889,89,49440.0,2,3069,17.769097222222324,16,0,18,22
806,193440,4227.830960648148,74,54960.0,1,3119,17.93807870370375,12,0,18,21
807,193680,4437.665162037037,89,50160.0,2,2925,17.26967592592606,17,0,19,20
808,193920,4743.295949074075,86,49200.0,2,3076,18.008101851851997,12,0,17,21
809,194160,4266.867129629629,80,53520.0,2,3078,17.86574074074079,13,0,17,21
810,194400,4355.84369212963,82,52320.0,2,3112,17.912615740740762,14,0,18,22
811,194640,4476.8512152777785,82,51840.0,2,3089,17.897569444444393,14,0,18,19
812,194880,4623.510816936729,88,49440.0,1,3016,17.578366126543308,15,0,19,22
813,195120,4269.328761574074,85,52080.0,2,3147,17.942476851851907,12,0,18,19
814,195360,4284.807060185185,79,53520.0,2,3138,17.985879629629736,10,0,19,20
815,195600,4324.100057870371,89,51600.0,2,3127,18.39988425925926,11,0,18,20
816,195840,4068.5952223557692,72,56160.0,2,2937,17.409555288461494,15,0,18,19
817,196080,4334.744155092593,86,51840.0,1,2877,17.111689814814916,14,0,17,21
818,196320,4562.849768518519,90,49440.0,2,3060,17.90046296296315,12,0,17,21
819,196560,4906.638252314814,90,46800.0,2,2905,17.32349537037038,13,0,16,22
820,196800,4363.419232253086,85,52080.0,2,3003,17.761535493827335,13,0,18,20
821,197040,4399.380150462963,91,50400.0,1,3225,18.8396990740741,13,0,21,24
822,197280,3942.7716435185184,73,56880.0,1,3181,18.056712962963047,17,0,21,22
823,197520,4373.207407407406,83,52080.0,1,3099,18.185185185185308,11,0,19,22
824,197760,4266.796595982144,84,52800.0,1,3103,18.006808035714304,11,0,19,20
825,198000,4172.074745873591,92,51840.0,1,3362,19.450508252818032,14,0,20,23
826,198240,3829.2798804012345,92,53760.0,1,3308,19.040239197530926,12,0,19,19
827,198480,3620.8092592592593,72,58560.0,1,3206,17.981481481481662,14,0,18,20
828,198720,3581.0451195987657,74,58320.0,2,3365,18.509760802469177,12,0,19,21
829,198960,3748.024729938272,79,56640.0,1,3576,19.550540123456827,9,0,20,21
830,199200,3694.2868160774415,69,59040.0,0,3528,19.026367845117868,16,0,19,20
831,199440,3669.261516203704,72,58800.0,1,3448,19.07696759259262,20,0,19,21
832,199680,3762.370601851852,77,57120.0,1,3429,18.858796296296276,16,0,20,22
833,199920,4272.06032021605,81,53040.0,1,3530,19.479359567901263,15,0,22,24
834,200160,4108.264129138608,77,54960.0,1,3464,19.071741722783322,13,0,20,21
835,200400,3946.754861111111,77,56160.0,1,3505,19.090277777777764,14,0,21,24
836,200640,3696.7308449074076,70,58800.0,1,3510,19.13831018518527,15,0,22,24
837,200880,4055.94670138889,80,54720.0,1,3520,19.70659722222223,14,0,20,25
838,201120,4203.4210648148155,80,53760.0,1,3603,19.75787037037053,16,0,24,25
839,201360,4301.171913580248,85,52320.0,1,3448,19.256172839506203,14,0,23,23
840,201600,3917.623962784901,78,56160.0,1,3495,19.35207443019953,15,0,23,24
841,201840,4216.042766203704,84,52800.0,1,3541,19.514467592592567,15,0,23,24
842,202080,4064.7771733539093,67,57120.0,1,3235,18.045653292181175,11,0,20,22
843,202320,4194.638831018519,75,55200.0,1,3288,18.32233796296311,13,0,21,24
844,202560,3957.5666859567905,82,55200.0,1,3499,19.466628086419856,12,0,21,25
845,202800,3897.0000661375657,76,56640.0,1,3383,18.599867724867824,13,0,21,24
846,203040,4129.773398919754,76,54960.0,0,3452,19.053202160494042,14,0,22,24
847,203280,4216.913243796202,77,54240.0,1,3353,18.77351240759692,17,0,23,23
848,203520,4265.276132605821,81,53280.0,1,3625,20.047734788359875,12,0,24,23
849,203760,4290.824016203704,82,52560.0,1,3587,19.95196759259265,15,0,22,25
850,204000,4156.798604480132,81,53760.0,2,3579,20.00279103973769,15,0,22,25
851,204240,4173.197814955107,83,53280.0,1,3504,19.204370089786927,16,0,23,24
852,204480,4114.318697641093,76,54960.0,2,3460,18.962604717813047,17,0,23,23
853,204720,4057.9920056216934,82,54480.0,1,3568,19.61598875661382,15,0,22,24
854,204960,3961.112982253086,80,55440.0,1,3522,19.37403549382732,13,0,23,25
855,205200,4050.9582175925934,78,54960.0,2,3392,18.683564814814815,17,0,20,22
856,205440,4303.374074074074,80,53040.0,1,3422,18.851851851851947,14,0,19,22
857,205680,4060.1883101851863,76,55200.0,2,3476,19.223379629629633,18,0,20,22
858,205920,4362.6727816358025,82,52320.0,1,3464,19.254436728395103,20,0,23,23
859,206160,4041.1818555094605,82,54480.0,1,3456,19.23628898108077,14,0,21,23
860,206400,4732.876678240741,90,48240.0,1,3385,18.84664351851855,13,0,20,22
861,206640,4356.637352109054,81,52560.0,1,3711,20.32529578189307,12,0,22,26
862,206880,4326.994444444445,81,52560.0,1,3482,19.61111111111117,11,0,20,23
863,207120,4473.324417562724,89,50160.0,1,3318,18.95116487455209,15,0,22,24
864,207360,4591.733506944444,86,50160.0,1,3365,19.13298611111102,12,0,20,23
865,207600,4078.1530541200123,82,54240.0,1,3435,19.293891759976987,10,0,23,23
866,207840,3997.2336419753087,78,55680.0,1,3451,19.132716049382758,15,0,21,24
867,208080,3947.235474537037,78,55920.0,1,3523,19.129050925926038,13,0,22,24
868,208320,4132.609577642427,83,53520.0,1,3527,19.380844715147205,15,0,23,23
869,208560,3789.40404265873,71,58320.0,1,3357,18.791914682539826,17,0,19,24
870,208800,4123.839984388458,79,54480.0,1,3468,18.92003122308368,15,0,22,24
871,209040,4021.1022073412705,80,54480.0,2,3277,18.39558531746047,18,0,20,23
872,209280,4682.07170138889,88,49200.0,1,3511,19.456597222222285,14,0,23,25
873,209520,4066.186870483288,80,54480.0,1,3426,19.226259033423833,13,0,22,25
874,209760,2802.8605698394326,60,66240.0,1,3443,18.878860321134763,14,0,27,27
875,210000,3424.8100193763266,73,59760.0,1,3193,17.979961247347102,15,0,21,22
876,210240,2992.3326383575077,47,67200.0,1,2237,11.93472328498372,12,0,12,13
877,210480,3283.9477623456796,57,63840.0,1,2755,14.704475308641886,10,0,15,16
878,210720,3588.143460648148,67,59760.0,1,2600,14.313078703703692,10,0,16,15
879,210960,3355.674829793029,65,61920.0,1,3012,16.250340413943412,14,0,17,19
880,211200,3029.254965312224,50,66240.0,2,2241,12.090069375551156,10,1,13,14
881,211440,3105.5644743217053,55,65040.0,2,2688,14.471051356589197,7,0,17,16
882,211680,3346.1175381263615,67,61680.0,2,3122,17.36492374727676,11,0,18,22
883,211920,3575.4200810185184,69,59760.0,2,3418,18.759837962963122,13,0,21,24
884,212160,3801.6177262776337,75,57360.0,1,3523,19.36454744473162,11,0,21,24
885,212400,3789.8815972222224,76,56880.0,2,3500,18.83680555555567,13,0,24,25
886,212640,3726.2900655864196,76,57120.0,2,3510,19.019868827160593,12,0,21,24
887,212880,3744.5732060185187,75,57360.0,1,3767,20.453587962962853,13,0,21,23
888,213120,3525.0958829365086,69,60240.0,2,3301,18.408234126984095,8,0,19,23
889,213360,3543.183217592593,68,60240.0,2,3375,18.23356481481486,8,0,22,22
890,213600,3262.840509259259,70,61920.0,1,3185,17.918981481481637,7,0,19,22
891,213840,3420.999652777778,65,61680.0,2,3338,18.600694444444418,12,0,19,23
892,214080,3526.820543981482,63,61200.0,1,3300,17.95891203703707,7,1,17,19
893,214320,3581.1932291666662,61,61440.0,2,3107,17.213541666666714,8,0,18,20
894,214560,3141.728796897547,55,65040.0,2,3308,18.142406204906237,8,0,20,22
895,214800,3373.456626359752,64,61920.0,2,3232,17.68674728049743,6,0,19,23
896,215040,4039.15553305041,72,56400.0,1,3256,18.288933899176914,6,0,21,22
897,215280,4057.7806134259254,70,56640.0,1,3206,18.038773148148135,4,0,19,22
898,215520,4149.688888888889,73,55680.0,1,3200,18.222222222222307,12,0,17,18
899,215760,4306.129224537038,81,53040.0,1,3188,18.341550925926075,8,0,19,20
900,216000,4352.373660714286,81,53040.0,2,3052,17.852678571428484,11,0,19,19
901,216240,4372.012384259258,82,52560.0,1,3194,18.575231481481392,6,0,17,20
902,216480,4550.500231481481,98,48480.0,2,3328,19.599537037037127,9,0,19,24
903,216720,3952.0570408950616,78,55680.0,1,3308,18.485918209876644,4,0,20,22
904,216960,3647.250360082305,69,59280.0,1,3497,19.09927983539099,4,0,18,20
905,217200,3858.306076388889,75,56640.0,1,3469,18.987847222222314,9,0,20,20
906,217440,3908.6883101851854,77,55680.0,1,3517,19.223379629629672,10,0,21,25
907,217680,3687.4728570426496,63,60480.0,1,3172,17.654285914702754,5,0,17,19
908,217920,3478.152912808641,67,60720.0,1,3582,19.2941743827161,12,0,21,23
909,218160,3864.383912037038,74,56880.0,1,3431,18.832175925926016,8,0,18,21
910,218400,3534.736144179894,75,58800.0,1,3438,19.127711640211583,10,1,19,20
911,218640,3150.5582754629622,62,63840.0,3,3374,18.483449074074134,10,0,20,22
912,218880,3425.4281458799687,65,61680.0,2,3433,18.74370824006245,9,0,20,21
913,219120,3815.530346331909,78,56400.0,2,3492,19.53930733618249,10,0,20,22
914,219360,3812.0833879886823,81,55680.0,1,3511,19.43322402263375,12,0,20,20
915,219600,3648.0030671296304,76,58080.0,1,3342,18.593865740740867,6,0,19,21
916,219840,3596.860474537037,73,59040.0,2,3413,18.879050925926038,9,0,18,18
917,220080,3587.1906986070503,64,60720.0,2,3219,18.218602785899904,10,0,19,21
918,220320,3480.0134259259257,73,59760.0,1,3266,18.573148148148242,5,0,19,23
919,220560,3429.1201967592588,68,60720.0,2,3325,18.359606481481435,8,0,19,21
920,220800,3408.252441077441,65,61680.0,2,3183,18.095117845118015,8,0,19,23
921,221040,3389.2456266534396,69,61200.0,1,3520,19.1087466931218,9,0,20,20
922,221280,3530.644080687831,71,59520.0,2,3518,19.311838624338648,8,0,19,24
923,221520,3621.9007748199583,82,57120.0,2,3573,19.79845036008244,9,0,20,23
924,221760,3446.1503637566143,67,61200.0,2,3270,18.299272486772573,9,0,17,21
925,222000,3541.2809027777776,68,60480.0,2,3239,18.038194444444517,11,0,19,21
926,222240,3562.314729387125,72,59040.0,3,3441,18.970541225749706,12,0,20,21
927,222480,3256.970138888888,67,62640.0,2,3406,18.65972222222217,9,0,20,22
928,222720,4169.951331018519,80,53760.0,2,3591,19.697337962963015,9,0,20,20
929,222960,3409.428472222223,72,60000.0,2,3457,18.743055555555628,7,0,21,20
930,223200,3486.530613425926,74,59280.0,2,3368,18.5387731481481,8,0,18,19
931,223440,3685.4611689814815,69,59280.0,2,3432,18.67766203703706,10,0,18,20
932,223680,3706.7184027777776,74,57840.0,2,3511,19.163194444444585,9,0,20,22
933,223920,3725.9692129629625,82,55680.0,3,3605,19.661574074074146,13,0,20,21
934,224160,3824.4805073302477,74,57360.0,1,3347,18.638985339506206,7,0,19,19
935,224400,3373.7818512088475,67,61440.0,2,3235,18.036297582304616,11,0,19,21
936,224640,3194.808101851852,67,62640.0,2,3279,17.983796296296294,10,0,18,20
937,224880,3730.3639467592593,72,58320.0,1,3356,18.8721064814814,9,0,18,20
938,225120,3988.490972222223,75,55680.0,1,3618,19.618055555555635,8,0,18,23
939,225360,3719.655873842593,80,56400.0,2,3547,19.28825231481482,12,0,19,18
940,225600,3968.3484044312167,85,54000.0,1,3583,19.903191137566083,11,0,19,19
941,225840,3234.2728009259263,72,61440.0,1,3472,19.054398148148113,10,0,18,20
942,226080,3457.452777777777,69,60480.0,2,3375,18.69444444444453,8,0,18,20
943,226320,3856.753249007936,84,54960.0,1,3420,19.093501984127037,6,0,20,21
944,226560,3574.007349537037,72,59040.0,2,3365,18.58530092592594,9,0,19,19
945,226800,3699.5435791446207,64,59760.0,2,3390,18.51284171075826,10,0,19,18
946,227040,3946.788072273663,82,54720.0,2,3331,19.023855452674923,9,0,19,20
947,227280,3597.4905175264553,76,58080.0,3,3535,19.61896494709014,11,0,21,22
948,227520,3281.8685763888893,72,61200.0,2,3402,18.86284722222227,10,0,19,23
949,227760,3612.894245113169,77,57840.0,1,3665,19.811509773662625,11,0,21,21
950,228000,3525.8798611111115,70,60000.0,1,3412,18.84027777777779,11,0,19,21
951,228240,3580.218375220459,73,58800.0,1,3526,19.163249559083045,9,0,19,20
952,228480,3287.189588155864,71,61200.0,2,3517,19.220823688271583,7,0,22,23
953,228720,3586.4966879696726,68,59760.0,3,3577,19.606624060654998,8,0,20,22
954,228960,3655.8341067754263,76,57600.0,3,3640,19.93178644914746,10,0,20,20
955,229200,3306.773914492144,67,61680.0,3,3497,19.05217101571279,8,0,19,20
956,229440,3548.2449680335094,70,59760.0,3,3518,19.110063932980495,14,0,20,19
957,229680,3583.52193287037,70,59760.0,2,3392,18.5561342592593,9,0,19,21
958,229920,3331.074431818182,61,63120.0,2,3539,19.451136363636454,7,0,19,21
959,230160,3700.9104497354497,82,56400.0,2,3577,19.77910052910065,9,0,19,22
960,230400,3380.196122685186,65,61920.0,3,3295,18.20775462962969,9,0,18,20
961,230640,3480.204947916667,73,60000.0,2,3263,18.190104166666753,10,2,18,21
962,230880,3269.14212962963,66,62400.0,3,3358,18.315740740741013,14,0,18,18
963,231120,3391.61356095679,70,61200.0,2,3548,19.372878086419743,10,0,19,21
964,231360,3531.5043643904323,68,60000.0,1,3600,19.591271219135628,8,0,19,21
965,231600,3421.034540343915,66,61440.0,3,3598,19.5309193121693,11,1,20,21
966,231840,3440.349410273368,71,60240.0,2,3398,18.901179453262664,12,0,20,22
967,232080,3360.9142413720538,63,62400.0,3,3464,18.771517255892313,8,0,20,19
968,232320,3572.2389467592593,79,57840.0,2,3512,19.122106481481396,12,0,20,21
969,232560,3326.1034336419757,68,61920.0,2,3551,19.393132716049497,9,0,19,22
970,232800,3416.1644868827166,74,60000.0,2,3505,19.271026234567977,11,0,20,23
971,233040,3094.2388503086418,71,62400.0,2,3483,19.122299382716072,8,0,21,23
972,233280,3641.361053240741,77,58080.0,2,3658,19.877893518518363,12,0,21,21
973,233520,3159.6335963804718,63,63840.0,2,3560,19.332807239057367,10,0,21,24
974,233760,3460.751388888889,69,60240.0,2,3497,19.09722222222223,10,1,20,24
975,234000,3339.3056852280524,69,61200.0,1,3447,18.988629543895733,11,0,21,25
976,234240,3259.641724537037,70,61680.0,2,3505,19.3165509259261,10,0,20,25
977,234480,3481.8202546296297,65,60960.0,2,3434,18.959490740740772,13,0,19,23
978,234720,3431.454899691358,65,61680.0,1,3600,19.69020061728403,8,0,22,23
979,234960,3313.659002976191,72,60960.0,2,3506,19.28199404761917,8,0,21,24
980,235200,3537.3570023148154,71,59760.0,1,3472,18.885995370370452,11,0,20,24
981,235440,3369.0201967592593,71,60960.0,1,3415,18.559606481481513,7,0,19,22
982,235680,3458.313888888889,70,60720.0,1,3452,18.97222222222222,11,0,19,22
983,235920,3662.3170717592598,71,59040.0,1,3513,18.965856481481566,11,0,20,22
984,236160,3704.875520833333,78,57120.0,1,3437,18.84895833333324,9,0,22,23
985,236400,3737.588966049383,75,57840.0,1,3553,19.422067901234477,10,0,23,25
986,236640,3652.760595538721,77,57600.0,1,3675,20.078808922558924,15,0,21,26
987,236880,3282.166145833333,72,60960.0,2,3556,19.26770833333337,13,0,23,24
988,237120,3248.3305968915347,71,61440.0,1,3459,18.93880621693116,9,0,21,24
989,237360,3752.5950424382713,78,56880.0,1,3543,19.409915123456933,12,0,21,25
990,237600,3323.082600308642,70,61200.0,2,3548,19.434799382716147,11,0,21,25
991,237840,3674.0592592592598,77,57600.0,2,3494,19.481481481481595,13,0,20,24
992,238080,3621.9381298100047,68,59520.0,2,3575,19.723740379990428,13,0,22,24
993,238320,3235.102124669312,58,64320.0,2,3316,18.39575066137567,13,0,20,24
994,238560,3715.8200011022927,80,56880.0,2,3382,18.959997795414694,11,0,22,24
995,238800,3666.452199074074,76,58080.0,2,3562,19.69560185185192,13,0,21,23
996,239040,3799.305176183128,83,55920.0,1,3659,19.989647633744962,10,0,24,23
997,239280,3436.9874999999997,78,59040.0,2,3581,19.62500000000008,13,0,22,24
998,239520,3525.1102550287364,72,59040.0,1,3327,18.3794899425288,9,1,22,24
999,239760,3736.947143031189,77,57120.0,1,3360,18.705713937621777,12,1,21,24
1000,240000,3524.3426097393694,75,59280.0,1,3395,18.914780521262042,5,0,22,23
1001,240240,3428.878624789562,71,60240.0,1,3463,18.84275042087549,10,0,23,25
1002,240480,3722.012094907407,75,57600.0,1,3365,18.57581018518522,9,0,21,24
1003,240720,3722.9674107142855,77,57360.0,1,3441,18.665178571428687,11,0,23,24
1004,240960,3071.065625,66,63840.0,3,3539,19.46875000000011,13,0,21,25
1005,241200,3616.9599373965298,73,58560.0,1,3340,18.680125206942115,12,0,24,24
1006,241440,3545.289293981482,71,59760.0,2,3460,19.02141203703697,11,0,21,24
1007,241680,3678.560629425381,74,57840.0,2,3333,18.478741149237504,11,0,21,23
1008,241920,4066.720717592593,86,53280.0,1,3647,20.158564814814838,14,0,24,24
1009,242160,4873.066002034231,109,43920.0,2,3349,19.467995931537725,10,0,23,24
1010,242400,4617.364525462963,97,47760.0,2,3511,19.87094907407409,10,0,23,23
1011,242640,4363.720621141976,82,52560.0,2,3351,19.15875771604943,10,0,22,23
1012,242880,3974.714203811369,76,56160.0,2,3401,19.171592377261092,8,0,21,24
1013,243120,4648.597164351852,88,49680.0,1,3599,20.40567129629627,8,0,23,25
1014,243360,3751.15418377121,78,56880.0,1,3531,19.291632457580736,11,0,23,22
1015,243600,3196.212510521886,70,62160.0,1,3269,18.174978956229122,9,0,20,22
1016,243840,3912.499799870952,84,54480.0,1,3257,18.600400258095164,5,0,21,23
1017,244080,3529.350733024692,64,61200.0,2,3694,19.898533950617374,12,0,22,23
1018,244320,3946.278298611111,77,55680.0,1,3463,19.04340277777784,12,0,22,24
1019,244560,4081.074980709878,81,54480.0,2,3710,20.45003858024692,10,0,22,24
1020,244800,3906.4743248456793,76,56640.0,1,3328,18.651350308641987,9,0,22,22
1021,245040,3746.3305472883603,79,56640.0,1,3441,18.938905423280506,7,0,23,23
1022,245280,3795.3205439814806,80,56160.0,2,3410,18.95891203703715,8,0,20,23
1023,245520,3968.9274112654316,89,53520.0,1,3296,18.74517746913594,8,0,21,23
1024,245760,4318.222800925926,86,51360.0,3,3436,19.15439814814831,14,1,21,23
1025,246000,3763.9009837962963,79,57120.0,1,3524,19.79803240740739,7,0,23,23
1026,246240,4322.144618055556,86,52080.0,2,3353,19.310763888889035,10,0,22,23
1027,246480,3734.9260258838394,80,57360.0,1,3464,19.747948232323335,4,0,23,24
1028,246720,4433.168899187325,97,49200.0,2,3234,19.262201625348467,13,0,24,23
1029,246960,3984.679918981481,84,54480.0,2,3368,19.240162037037063,12,0,22,24
1030,247200,3765.565335648149,82,56400.0,2,3222,18.469328703703862,7,0,22,23
1031,247440,3939.679340277778,77,55920.0,1,3422,19.24131944444441,6,0,21,24
1032,247680,3686.2524498456787,80,57120.0,1,3573,20.095100308641904,8,0,23,24
1033,247920,3350.95306712963,73,60720.0,1,3608,19.693865740740915,5,0,24,23
1034,248160,3705.425385802469,69,59280.0,1,3619,19.749228395061852,10,0,21,23
1035,248400,3595.7464423500883,84,56880.0,1,3651,20.107115299823665,7,0,23,23
1036,248640,3419.2830407664605,74,60000.0,1,3389,19.03391846707826,11,0,21,23
1037,248880,3917.3392829585537,88,53760.0,1,3489,19.921434082892652,8,0,22,23
1038,249120,3577.5553047839508,76,58560.0,1,3307,18.489390432098748,4,0,22,24
1039,249360,3720.656074119463,75,57360.0,1,3543,19.287851761074894,12,0,23,22
1040,249600,3130.3665576550393,65,63600.0,2,3684,19.866884689922554,9,0,23,24
1041,249840,3639.144549206704,82,56640.0,2,3668,20.310901586590486,9,0,24,23
1042,250080,3320.3919394841278,67,61920.0,1,3587,19.81612103174637,10,0,22,23
1043,250320,3946.5808641975314,92,53280.0,1,3619,20.438271604938436,6,0,24,24
1044,250560,4195.858764730639,89,51840.0,1,3485,19.882470538720632,8,0,22,24
1045,250800,3920.258574459877,77,56160.0,1,3370,19.08285108024701,4,0,22,23
1046,251040,4143.127008928572,79,54480.0,1,3208,18.345982142857242,4,0,21,23
1047,251280,3967.4931216931222,79,55440.0,1,3328,18.613756613756813,6,0,22,22
1048,251520,4348.275405092592,86,52080.0,2,3290,19.0491898148149,5,0,21,24
1049,251760,4266.393460648148,85,52320.0,1,3269,18.81307870370384,11,0,22,23
1050,252000,3968.8441619374744,77,55920.0,2,3313,18.911676125049798,17,0,23,25
1051,252240,4528.335011574074,89,50160.0,1,3241,18.929976851851954,8,0,21,23
1052,252480,4262.684259259258,86,52560.0,1,3137,18.231481481481683,10,0,22,24
1053,252720,4199.7965277777785,86,52560.0,1,3104,18.00694444444456,10,0,20,22
1054,252960,4348.06099537037,79,53280.0,1,3218,18.478009259259462,13,0,21,22
1055,253200,4207.807233796298,95,51120.0,1,3161,18.985532407407494,17,0,20,23
1056,253440,3972.0769097222224,93,53040.0,1,3073,18.446180555555664,12,0,20,23
1057,253680,4074.5997685185184,89,52800.0,1,3159,18.400462962963047,10,0,22,22
1058,253920,4017.8121141975303,82,54960.0,1,3256,18.97577160493837,5,0,21,22
1059,254160,3787.867787247476,74,57840.0,1,3279,18.86442550505045,11,0,21,23
1060,254400,3996.3851658950625,80,55200.0,2,3315,18.829668209876598,11,0,21,22
1061,254640,3878.694097222221,77,56160.0,2,3193,18.211805555555657,10,0,22,22
1062,254880,3940.359456018519,80,55680.0,1,3223,18.88108796296307,12,0,21,23
1063,255120,3594.1718171296297,75,58800.0,2,3368,19.256365740740833,11,0,23,23
1064,255360,4053.602562079125,79,55200.0,2,3154,18.39487584175087,17,0,22,23
1065,255600,4237.501140873016,86,52560.0,1,3243,18.597718253968317,9,0,23,22
1066,255840,4150.7597281576445,76,54720.0,2,3411,19.08054368471048,8,0,22,22
1067,256080,4091.6532572751325,77,54960.0,1,3149,18.29348544973556,5,0,21,22
1068,256320,4101.066688368056,76,55200.0,2,3230,18.466623263888966,11,0,21,21
1069,256560,4120.197973592766,86,53040.0,1,3299,19.204052814469517,6,0,21,23
1070,256800,4263.99484039961,98,49920.0,1,3392,19.610319200779816,10,0,23,24
1071,257040,3727.1001350308643,71,58560.0,2,3298,18.399729938271587,4,0,23,22
1072,257280,3640.928601065688,81,57360.0,2,3216,18.742797868623434,11,0,22,23
1073,257520,3548.880965909091,73,59280.0,1,3147,17.838068181818254,6,0,21,23
1074,257760,3843.445833333333,77,57120.0,2,3233,18.708333333333407,6,0,23,23
1075,258000,3946.004065393519,80,55440.0,1,3185,18.591869212963168,8,0,20,23
1076,258240,3737.1444458439078,85,55680.0,2,3387,19.311108312186008,9,1,24,24
1077,258480,3039.781674382716,69,63360.0,1,3392,19.03665123456778,3,0,23,23
1078,258720,3570.4448593248376,70,59520.0,1,3438,19.71028135032503,3,0,23,24
1079,258960,3364.582575471044,69,61200.0,1,3293,18.434849057911784,4,0,22,22
1080,259200,3670.816010802469,74,57840.0,2,3482,18.967978395061763,3,0,23,24
1081,259440,3489.485379271316,67,60480.0,2,3436,18.629241457366586,5,0,23,23
1082,259680,3294.325782772905,62,62640.0,1,2530,13.948434454191082,6,2,16,18
